Run_Date,Target_Date,Observed_O3,RF_Pred,AQM_06_Reg,AQM_06_BC,AQM_12_Reg,AQM_12_BC,Met_Temp_F,Met_Dewp_F,Met_WS_kts,Met_WD_deg,Forecast_Type
2026-08-08,2026-08-09,NA,0.0336,0.0449,0.0342,0.0442,0.0325,89,74,3.3,186,operational
2026-08-07,2026-08-08,NA,0.0306,0.0445,0.031,0.0456,0.0284,89,74,3.5,105,operational
2026-08-06,2026-08-07,0.035,0.0349,0.0389,0.0292,0.0378,0.0259,91,74,4.2,135,hindcast
2026-08-05,2026-08-06,0.039,0.044,0.0585,0.0503,0.0557,0.0471,92,72,3.6,165,hindcast
2026-08-04,2026-08-05,0.049,0.0488,0.0592,0.0513,0.0576,0.0514,92,71,3.6,198,hindcast
2026-08-03,2026-08-04,0.055,0.054,0.0591,0.0503,0.065,0.0579,94,65,3.1,182,hindcast
2026-08-02,2026-08-03,0.048,0.0493,0.05034984588623047,0.04113071060180664,0.05226705932617187,0.04628924560546875,91,66,3,293,hindcast
2026-08-01,2026-08-02,0.046,0.0449,0.05340047454833984,0.04589020919799805,0.04992091751098632,0.04553825378417969,88,69,4.9,265,hindcast
2026-07-31,2026-08-01,0.039,0.0418,0.04657651901245117,0.03418062210083008,0.045787109375,0.03598370361328125,96,69,6.8,259,hindcast
2026-07-30,2026-07-31,0.048,0.0477,0.04732677841186523,0.0371006736755371,0.04899839401245117,0.03911314392089844,97,70,4.6,266,hindcast
2026-07-29,2026-07-30,0.044,0.0471,0.0550037956237793,0.04217192840576172,0.04996488571166992,0.03967840957641602,96,71,5,265,hindcast
2026-07-28,2026-07-29,0.048,0.0465,0.05682941818237305,0.04678464126586914,0.05531966018676758,0.04601750946044922,96,73,5.1,271,hindcast
2026-07-27,2026-07-28,0.044,0.0435,0.04961115264892578,0.03429632186889649,0.05329068756103516,0.03860001373291016,97,73,6.2,281,hindcast
2026-07-26,2026-07-27,0.044,0.0424,0.04885535812377929,0.0333165283203125,0.04601142120361328,0.03057279777526855,96,73,5.7,276,NA
2026-07-25,2026-07-26,0.042,0.0419,0.04733242416381836,0.0315499153137207,0.04609203338623047,0.02992232513427734,95,71,4.5,267,NA
2026-07-24,2026-07-25,0.04,0.0367,0.05298974227905273,0.03841444015502929,0.0533512954711914,0.03664795303344726,93,70,3.5,253,NA
2026-07-23,2026-07-24,0.024,0.0277,0.04778949737548828,0.03144014549255371,0.04728539276123047,0.03099695777893066,92,71,3.2,184,NA
2026-07-22,2026-07-23,0.021,0.0266,0.03549943923950195,0.02304132080078125,0.03720711517333984,0.02364239883422851,90,74,11.4,157,NA
2026-07-21,2026-07-22,0.035,0.0368,0.04207462692260742,0.03018007278442382,0.04575201416015625,0.03847108840942383,85,71.6,14.6,65,NA
2026-07-20,2026-07-21,0.036,0.0399,0.04246829223632813,0.03509881591796875,0.0422296257019043,0.0326651611328125,95,72,8.5,13,NA
2026-07-19,2026-07-20,0.031,0.0361,0.05536999130249023,0.04746757888793945,0.0508084487915039,0.044518310546875,97,71,5.2,353,NA
2026-07-18,2026-07-19,0.03,0.0423,0.04599486541748047,0.04158637237548828,0.04855665969848632,0.03748845672607422,97,69,5.8,358,NA
2026-07-17,2026-07-18,0.029,0.043,0.04065113449096679,0.03527846527099609,0.04192704010009766,0.03512128448486328,97,71,5.1,310,NA
2026-07-16,2026-07-17,0.031,0.0366,0.04113842010498047,0.03403361511230469,0.04122463989257812,0.03289799499511719,97,71,4.5,305,NA
2026-07-15,2026-07-16,0.042,0.0454,0.05296810913085938,0.04238420867919922,0.05201076507568359,0.04117827606201172,93,68,2.8,229,NA
2026-07-14,2026-07-15,0.041,0.0422,0.04993234634399414,0.04427740478515625,0.04409541702270508,0.03865200042724609,92,68,3.4,277,NA
2026-07-13,2026-07-14,0.035,0.0351,0.0381108512878418,0.03161195564270019,0.03906204605102539,0.03296121597290039,83,70,3.6,271,NA
2026-07-12,2026-07-13,0.029,0.0323,0.03407955551147461,0.02879597854614258,0.03423023986816406,0.02558086585998535,82,73,4.5,280,NA
2026-07-11,2026-07-12,0.034,0.0348,0.04270050048828125,0.03230401229858398,0.04352403259277344,0.03477433776855469,92,73,2.7,282,NA
2026-07-10,2026-07-11,0.03,0.031,0.0388052978515625,0.02977508163452148,0.04020774459838867,0.02945145416259765,93,73,3,190,NA
2026-07-09,2026-07-10,0.024,0.0346,0.037907958984375,0.03121842002868652,0.03789108276367187,0.03043530654907226,92,70,3,194,NA
2026-07-08,2026-07-09,0.027,0.0481,0.0421349868774414,0.03670773696899414,0.04216886520385742,0.03378573989868164,93,72,2.8,211,NA
2026-07-07,2026-07-08,0.049,0.0536,0.05306397247314453,0.04509405136108398,0.05239400100708007,0.04131948089599609,93,71,4.1,241,NA
2026-07-06,2026-07-07,0.058,0.0496,0.05377289199829101,0.04437510299682617,0.05483553314208984,0.04861690139770508,95,69,4.3,281,NA
2026-07-05,2026-07-06,0.049,0.05,0.05505402755737305,0.04820061111450195,0.05922403717041016,0.05215497207641601,91,71,3.7,239,NA
2026-07-04,2026-07-05,0.049,0.0478,0.05509209823608398,0.04373631286621093,0.05381124496459961,0.04584682464599609,91,71,4.1,287,NA
2026-07-03,2026-07-04,0.053,0.0494,0.05405441665649414,0.0385657730102539,0.04971163177490234,0.03766321182250976,94,74,3.4,190,NA
2026-07-02,2026-07-03,0.049,0.0469,0.05279905700683594,0.03715581130981445,0.05495611572265625,0.04236907958984375,92,70,3.2,164,NA
2026-07-01,2026-07-02,0.043,0.0416,0.05280545043945312,0.03907317352294922,0.05041529083251953,0.03598642349243164,92,71,5.1,105,NA
2026-06-30,2026-07-01,0.044,0.0446,0.05092633819580078,0.04162972259521484,0.05058498764038086,0.03911896896362304,93,70,5.8,124,NA
2026-06-29,2026-06-30,0.04,0.0379,0.05406202697753906,0.04028582382202148,0.05323537063598633,0.03917901992797851,94,68,3.4,321,NA
2026-06-28,2026-06-29,0.024,0.0304,0.05006979370117187,0.03519725799560547,0.05060784530639648,0.03495175933837891,93,69,2.7,181,NA
2026-06-27,2026-06-28,0.022,0.0272,0.04133694076538086,0.02690653038024902,0.04128642654418945,0.02693823623657226,92,70,4.1,203,NA
2026-06-26,2026-06-27,0.028,0.0303,0.04206191635131836,0.02745558547973632,0.04245667266845703,0.02990777015686035,91,75,4.8,189,NA
2026-06-25,2026-06-26,0.039,0.0385,0.04893839263916016,0.03355148696899414,0.0479089241027832,0.03813853454589844,90,74,4.3,195,NA
2026-06-24,2026-06-25,0.043,0.0441,0.0535579833984375,0.0363788833618164,0.05328486633300781,0.03958493041992187,88,68,1.9,163,NA
2026-06-23,2026-06-24,0.046,0.0454,0.05885127639770508,0.04050757980346679,0.05354656600952148,0.03392814254760742,89,65,3.4,86,NA
2026-06-22,2026-06-23,0.038,0.0355,0.04035298156738281,0.02326236343383789,0.04188405227661133,0.02366750144958496,94,73,4.5,284,NA
2026-06-21,2026-06-22,0.027,0.0294,0.04487186050415039,0.02694873237609863,0.04356457901000976,0.02561038589477539,92,74,5.8,215,NA
2026-06-20,2026-06-21,0.025,0.0285,0.04073493957519531,0.02697194671630859,0.04211695098876953,0.02490423011779785,90,74,5.2,199,NA
2026-06-19,2026-06-20,0.025,0.0288,0.04531897735595703,0.03187151908874511,0.04180215072631836,0.02980361557006836,87,70,4.5,133,NA
2026-06-18,2026-06-19,0.03,0.0295,0.04174604034423828,0.02802932739257812,0.04198717498779297,0.02756182479858398,92,71,7.3,185,NA
2026-06-17,2026-06-18,0.022,0.0245,0.03536525344848633,0.02682139205932617,0.03593754959106445,0.02629662895202636,84,71,10.3,176,NA
2026-06-16,2026-06-17,0.024,0.0279,0.04006840896606445,0.03198985481262207,0.03950490188598633,0.03105433845520019,88,74,7.4,175,NA
2026-06-15,2026-06-16,0.018,0.0276,0.03107607078552246,0.02093720245361328,0.03007327461242676,0.01969528198242187,82,71.6,2.2,242,NA
2026-06-14,2026-06-15,0.028,0.032,0.03597315979003906,0.0244173240661621,0.03641906356811524,0.02312380027770996,85,72,3.5,265,NA
2026-06-13,2026-06-14,0.033,0.0343,0.04388065719604492,0.0350634765625,0.04658067321777343,0.03548832321166992,94,70,3.9,225,NA
2026-06-12,2026-06-13,0.029,0.0333,0.05063271331787109,0.03791955184936523,0.04855133438110352,0.03364500045776367,91,71,4,238,NA
2026-06-11,2026-06-12,0.032,0.0362,0.0458560562133789,0.03383951950073242,0.04575883102416992,0.03470687103271484,91,70,3.4,181,NA
2026-06-10,2026-06-11,0.038,0.0395,0.05622455215454101,0.0424953384399414,0.0543758544921875,0.04704627609252929,88,69,4.2,156,NA
2026-06-09,2026-06-10,0.044,0.0399,0.04959268188476563,0.03578017807006836,0.05020195388793945,0.03822507858276367,87,67,4.5,147,NA
2026-06-08,2026-06-09,0.036,0.0347,0.04775186920166015,0.03514230728149414,0.04656869888305664,0.03631232452392578,87,72,6.3,131,NA
2026-06-07,2026-06-08,0.039,0.037,0.0489453010559082,0.04179458999633789,0.04869586181640625,0.04137147140502929,85,70,6.5,145,NA
2026-06-06,2026-06-07,0.038,0.0309,0.04149904251098633,0.03141318893432617,0.04048348236083984,0.03120155525207519,86,73,7.2,158,NA
2026-06-05,2026-06-06,0.022,0.0296,0.03883766937255859,0.03318032836914062,0.0384567756652832,0.03695082855224609,81,71.6,8.7,139,NA
2026-06-04,2026-06-05,0.047,0.0461,0.04436417007446289,0.03849233627319336,0.04365872192382812,0.0419756965637207,85,64,11.4,99,NA
2026-06-03,2026-06-04,0.051,0.0458,0.04741530227661133,0.04546944046020507,0.04697777938842773,0.04437631607055664,82,59,12.2,105,NA
2026-06-02,2026-06-03,0.043,0.0402,0.05522797775268555,0.04543590927124023,0.05307743835449219,0.04459302520751953,81,69,8.5,84,NA
2026-06-01,2026-06-02,0.045,0.0427,0.05297744750976562,0.04011500930786133,0.05604980087280274,0.03928820419311523,90,68,4.4,103,NA
2026-05-31,2026-06-01,0.035,0.0366,0.05599842453002929,0.03891432952880859,0.04984473419189453,0.03661072921752929,89,69,3,283,NA
2026-05-30,2026-05-31,0.031,0.0341,0.04948151397705078,0.03905787658691406,0.05396183776855469,0.04463608169555664,90,72,4.2,206,NA
2026-05-29,2026-05-30,0.037,0.0408,0.05430887222290039,0.03926145172119141,0.05462202072143554,0.04262673568725586,89,66,3.9,218,NA
2026-05-28,2026-05-29,0.041,0.0369,0.0428187141418457,0.02836704063415527,0.04359222793579102,0.02936794471740722,86,70,4.4,166,NA
2026-05-27,2026-05-28,0.032,0.028,0.04987282180786133,0.03605192184448242,0.04683788681030274,0.03135073661804199,85,71.6,7.5,135,NA
2026-05-26,2026-05-27,0.028,0.0298,0.04608118057250977,0.03233929061889648,0.0463005142211914,0.03056613540649414,86,70,7.1,150,NA
2026-05-25,2026-05-26,0.033,0.0348,0.04308623504638672,0.03388502883911133,0.04422442245483398,0.03198193359375,85,70,7,164,NA
2026-05-24,2026-05-25,0.04,0.0373,0.04805356216430664,0.03548847961425781,0.05470722198486328,0.03817496871948242,79,70,4.9,124,NA
2026-05-23,2026-05-24,0.038,0.0347,0.03908494567871094,0.02152295112609863,0.03895088577270508,0.02192684173583984,82,70,3.2,189,NA
2026-05-22,2026-05-23,0.029,0.0326,0.04621432113647461,0.02438747406005859,0.04559738540649414,0.02361946868896484,84,68,3,183,NA
2026-05-21,2026-05-22,0.031,0.0314,0.04151185989379882,0.03016911506652832,0.04279393005371094,0.02894308662414551,81,67,6,159,NA
2026-05-20,2026-05-21,0.027,0.0256,0.04730550384521484,0.0374014778137207,0.0482506103515625,0.04088925552368164,85,70,8.8,141,NA
2026-05-19,2026-05-20,0.021,0.026,0.04671014022827148,0.04676715850830078,0.04639941024780273,0.04427419662475586,85,71,7,143,NA
2026-05-18,2026-05-19,0.032,0.0309,0.05250570297241211,0.05350332260131836,0.05275081253051757,0.05471380996704102,84,72,9.8,133,NA
2026-05-17,2026-05-18,0.032,0.0379,0.04755440139770508,0.04880236053466796,0.04601774597167969,0.04671868515014648,84,68,12.2,127,NA
2026-05-16,2026-05-17,0.051,0.0507,0.04930757141113281,0.04729304885864258,0.04939995574951172,0.04720883178710938,82,64,10.2,133,NA
2026-05-15,2026-05-16,0.06,0.0568,0.05192000198364258,0.0486483039855957,0.05165076065063476,0.04761716842651367,82,60,6,144,NA
2026-05-14,2026-05-15,0.058,0.0565,0.05215904998779297,0.04443786239624024,0.05231532287597656,0.04633247756958008,81,53,5.8,136,NA
2026-05-13,2026-05-14,0.056,0.0551,0.04888037872314453,0.0400285758972168,0.04849978637695312,0.03887249374389649,88,52,4.8,347,NA
2026-05-12,2026-05-13,0.045,0.0423,0.05406518173217773,0.04542722702026367,0.05149276733398438,0.04450055313110351,86,59,5.3,360,NA
2026-05-11,2026-05-12,0.04,0.0397,0.05842769622802734,0.04563724517822266,0.05932129287719726,0.0509620361328125,82,65,6.2,22,NA
2026-05-10,2026-05-11,0.04,0.0417,0.04620391464233398,0.0373987922668457,0.04597243118286133,0.03580021667480469,81,66,2.9,19,NA
2026-05-09,2026-05-10,0.044,0.0414,0.04870419311523438,0.0375964241027832,0.04571144104003906,0.03283755111694336,80,64,4.2,133,NA
2026-05-08,2026-05-09,0.043,0.0401,0.04133706283569336,0.03150066566467285,0.03944233703613281,0.03163913726806641,73,62.6,5.5,142,NA
2026-05-07,2026-05-08,0.039,0.0383,0.04659135055541992,0.04407136535644531,0.0452829475402832,0.04217577362060547,72,61,5.9,54,NA
2026-05-06,2026-05-07,0.021,0.0306,0.0432297134399414,0.0409313850402832,0.04255081558227539,0.03860440826416016,80,64,6.5,324,NA
2026-05-05,2026-05-06,0.033,0.0413,0.0570914077758789,0.04682533645629883,0.05591511154174804,0.04902721405029297,80,69,7.2,168,NA
2026-05-04,2026-05-05,0.059,0.0544,0.05692723083496093,0.05022965240478515,0.05660375213623047,0.05234743881225585,79,56,7.2,161,NA
2026-05-03,2026-05-04,0.061,0.0569,0.05507283401489258,0.05095462036132812,0.05410783386230469,0.04949490737915039,76,45,4.4,178,NA
2026-05-02,2026-05-03,0.057,0.055,0.05159368896484375,0.04693464660644531,0.05081254196166992,0.04851418304443359,76,39,3.4,254,NA
2026-05-01,2026-05-02,0.046,0.04,0.04727188491821289,0.04740282440185547,0.04632524108886719,0.04478767395019531,73,41,9.6,354,NA
2026-04-30,2026-05-01,0.038,0.0359,0.04430924606323242,0.04446290969848632,0.04209670639038086,0.04459743881225585,67,54,8.1,17,NA
2026-04-29,2026-04-30,0.035,0.0419,0.04737717819213867,0.04464807891845703,0.05215373992919922,0.04825511169433594,77,66,4.2,29,NA
2026-04-28,2026-04-29,0.045,0.0429,0.05432197952270508,0.05396187973022461,0.05469308090209961,0.05531991195678711,82,65,6,173,NA
2026-04-27,2026-04-28,0.045,0.0412,0.04760851669311523,0.05012647247314453,0.05015787887573242,0.05064727401733399,82,69,8.3,161,NA
2026-04-26,2026-04-27,0.044,0.0423,0.05088026428222656,0.05579600524902343,0.04906703186035156,0.0541528205871582,81,67,9.4,143,NA
2026-04-25,2026-04-26,0.051,0.0515,0.04790872955322266,0.04892025756835937,0.04750917434692383,0.04640920639038086,80,63,2.5,181,NA
2026-04-24,2026-04-25,0.056,0.045,0.04632108688354492,0.0464010009765625,0.04981962585449218,0.04783853912353515,83,62,6.3,180,NA
2026-04-23,2026-04-24,0.045,0.0451,0.04496392440795898,0.04334846878051757,0.0436343765258789,0.03956015396118164,80,63,9,152,NA
2026-04-22,2026-04-23,0.047,0.0474,0.04644038391113281,0.04526198196411132,0.04669159698486328,0.04556826400756836,79,59,8.7,126,NA
2026-04-21,2026-04-22,0.053,0.0533,0.04718146133422851,0.04315506744384766,0.04983245468139648,0.04729888534545899,79,55,8.4,121,NA
2026-04-20,2026-04-21,0.061,0.0576,0.04939712905883789,0.04751569366455078,0.04964168930053711,0.04853680419921875,78,46,5.8,121,NA
2026-04-19,2026-04-20,0.053,0.0465,0.04495644378662109,0.04297871017456055,0.0443749885559082,0.04251412582397461,77,37,4.6,90,NA
2026-04-18,2026-04-19,0.039,0.038,0.04303638458251953,0.04073332595825195,0.04335432052612305,0.04048594665527343,70,37,9.6,1,NA
2026-04-17,2026-04-18,0.043,0.0432,0.05376679992675781,0.04589167404174805,0.05297489929199218,0.04534360504150391,81,63,5.3,182,NA
2026-04-16,2026-04-17,0.045,0.0453,0.05150353240966797,0.04279061126708984,0.05179026412963867,0.04337394714355468,81,56,4.3,165,NA
2026-04-15,2026-04-16,0.043,0.0429,0.04888555526733398,0.04091707992553711,0.05121461868286132,0.04123471069335938,82,64,5.4,167,NA
2026-04-14,2026-04-15,0.046,0.0451,0.04982763290405273,0.04689433288574218,0.04985921096801758,0.04648181533813476,80,61,8.3,151,NA
2026-04-13,2026-04-14,0.046,0.0457,0.05043854522705078,0.04761489105224609,0.05016555786132812,0.04579782867431641,78,59,7.8,148,NA
2026-04-12,2026-04-13,0.047,0.0451,0.05280976104736328,0.05150061798095703,0.05330930709838867,0.05295226669311524,80,61,9.6,146,NA
2026-04-11,2026-04-12,0.044,0.045,0.0535617561340332,0.05128396606445312,0.05300233459472656,0.05250538635253906,78,57,8.3,128,NA
2026-04-10,2026-04-11,0.056,0.0492,0.05383758544921875,0.05273574829101563,0.05304862594604492,0.05256915283203125,81,52,4.6,129,NA
2026-04-09,2026-04-10,0.048,0.0435,0.05050136184692383,0.04932845687866211,0.05049739456176758,0.04894844055175781,76,58,6.6,98,NA
2026-04-08,2026-04-09,0.05,0.0471,0.04757668304443359,0.04343967437744141,0.04797576141357422,0.04373596954345703,75,51,8.7,91,NA
2026-04-07,2026-04-08,0.049,0.036,0.04787148666381836,0.04128717422485351,0.04722669601440429,0.03974223709106445,75,48,8.9,79,NA
2026-04-06,2026-04-07,0.052,0.0435,0.05048602676391602,0.04493443298339843,0.05012952041625977,0.04274249267578125,76,45,8.1,60,NA
2026-04-05,2026-04-06,0.035,0.0422,0.0415741958618164,0.03514823150634765,0.04259995651245117,0.03675260543823242,75,52,6.8,351,NA
2026-04-04,2026-04-05,0.034,0.0348,0.03809600067138672,0.0309385757446289,0.0378839111328125,0.03011233711242676,75,52,6.8,351,NA
2026-04-03,2026-04-04,0.037,0.0372,0.04380507278442382,0.03644495391845703,0.04436555862426758,0.03625571060180664,79,68,7.4,135,NA
2026-04-02,2026-04-03,0.039,0.0346,0.04521463012695313,0.03804584503173828,0.04651706314086914,0.03959905624389649,78,66,7.7,128,NA
2026-04-01,2026-04-02,0.04,0.0338,0.04799885940551757,0.04437693405151367,0.0483741340637207,0.04372196960449218,77,65,7.7,131,NA
2026-03-31,2026-04-01,0.037,0.0372,0.04542496490478515,0.04227915573120117,0.0447143440246582,0.03957460403442383,79,66.2,10.9,128,NA
2026-03-30,2026-03-31,0.041,0.0358,0.04993217849731445,0.04303202438354492,0.04950395965576171,0.04465392303466797,79,66.2,10.9,128,NA
2026-03-29,2026-03-30,0.042,0.0415,0.04654970550537109,0.04661898803710938,0.04689799118041992,0.04670147323608398,76,55.4,10.4,109,NA
2026-03-28,2026-03-29,0.043,0.0439,0.0489500617980957,0.0483841667175293,0.04861434936523437,0.04671932601928711,72,36,11.6,99,NA
2026-03-27,2026-03-28,0.044,0.0437,0.05172811508178711,0.05357392883300781,0.05288671112060546,0.05337184524536133,77,34,9.6,7,NA
2026-03-26,2026-03-27,0.046,0.0468,0.04803586196899414,0.04402351760864258,0.04903440856933593,0.04493941879272461,81,60,3.5,217,NA
2026-03-25,2026-03-26,0.049,0.0448,0.04776098251342773,0.04040253448486328,0.04790393829345703,0.03910884475708007,77,63,5.1,152,NA
2026-03-24,2026-03-25,0.04,0.0495,0.04768105697631836,0.04781779861450195,0.04741846466064453,0.04465552520751953,74,55,6.3,131,NA
2026-03-23,2026-03-24,0.053,0.0529,0.05569229888916015,0.05117549514770508,0.05602671813964843,0.05370343399047851,80,45,3.9,45,NA
2026-03-22,2026-03-23,0.05,0.0516,0.0523170166015625,0.052134521484375,0.0520289306640625,0.05326792526245117,78,59,5.7,252,NA
2026-03-21,2026-03-22,0.051,0.0573,0.05410811233520508,0.05630271530151367,0.05415420532226563,0.05761278533935547,76,49,4.3,200,NA
2026-03-20,2026-03-21,0.059,0.0427,0.05646687698364257,0.05804915237426757,0.05639115142822266,0.05820964050292969,75,56,6.7,238,NA
2026-03-19,2026-03-20,0.057,0.0522,0.05551606369018554,0.0538669204711914,0.05545109558105469,0.05643631362915039,73,50,4.5,267,NA
2026-03-18,2026-03-19,0.058,0.0419,0.0555775146484375,0.05094293975830078,0.05509188842773437,0.05460308837890625,69,39,4.4,129,NA
2026-03-17,2026-03-18,0.049,0.0483,0.04589706420898437,0.03686838912963867,0.0463597297668457,0.03888681411743164,57,13,4.9,344,NA
2026-03-16,2026-03-17,0.044,0.0444,0.04478501892089844,0.03889916610717774,0.04486961364746093,0.03814620590209961,57,13,4.9,344,NA
2026-03-15,2026-03-16,0.043,0.0416,0.0435906982421875,0.03475080490112305,0.04410368347167968,0.03497745513916015,74,20,13.7,324,NA
2026-03-14,2026-03-15,0.041,0.0418,0.04903449249267578,0.03969903182983398,0.04893744659423828,0.03971999359130859,77,61,9.5,158,NA
2026-03-13,2026-03-14,0.049,0.0507,0.0512434196472168,0.04169844055175781,0.05129015731811523,0.04081634140014648,72,45,5.7,137,NA
2026-03-12,2026-03-13,0.048,0.0436,0.05744147872924805,0.05104853439331054,0.05735572052001953,0.05076882934570313,67,37,3,138,NA
2026-03-11,2026-03-12,0.039,0.0288,0.04804492568969727,0.03931107330322266,0.04869776916503906,0.03874820709228516,65,33,9.4,349,NA
2026-03-10,2026-03-11,NA,0.0314,0.04184514999389648,0.02632133674621582,0.04117722702026367,0.02682959365844726,80,60,10.8,158,NA
2026-03-09,2026-03-10,0.022,0.025,0.04063910675048828,0.02616528129577636,0.04174824905395508,0.02661610031127929,80,69,7.6,156,NA
2026-03-08,2026-03-09,0.028,0.0327,0.05187030792236328,0.03809638595581054,0.0514323616027832,0.03863815307617187,78,62,6.2,150,NA
2026-03-07,2026-03-08,0.036,0.0348,0.04282837677001953,0.03038257980346679,0.04548747634887695,0.03429716873168945,75,63,4.2,34,NA
2026-03-06,2026-03-07,0.03,0.03,0.03996517562866211,0.02777671241760253,0.04048171615600586,0.02846355247497558,79,70,10.8,134,NA
2026-03-05,2026-03-06,0.028,0.0308,0.04070306015014648,0.03069777870178222,0.04040011978149414,0.03006302261352539,78,68,12.3,126,NA
2026-03-04,2026-03-05,0.029,0.0318,0.04546565246582031,0.03640348434448242,0.04599046325683594,0.03753371047973632,75,64.4,10.2,117,NA
2026-03-03,2026-03-04,0.033,0.0384,0.04443831634521484,0.03445941543579101,0.04375254058837891,0.03344422149658203,73,60,5.1,116,NA
2026-03-02,2026-03-03,0.039,0.0399,0.04721147155761718,0.03957170104980469,0.04632854843139648,0.03811964797973632,74,60,6.4,114,NA
2026-03-01,2026-03-02,0.041,0.037,0.05056004333496094,0.04449711608886719,0.05023050308227539,0.04491183471679687,73,52,5.2,102,NA
2026-02-28,2026-03-01,0.043,0.0484,0.05112247848510742,0.04358057403564453,0.05205704879760742,0.0463395652770996,74,51,2.8,140,NA
2026-02-27,2026-02-28,0.045,0.0437,0.05188085174560547,0.04272902679443359,0.04987194442749023,0.04361326599121094,74,51,2.8,140,NA
2026-02-26,2026-02-27,0.037,0.0439,0.0466861343383789,0.03603125,0.04744807815551757,0.0355375747680664,78,56,3.5,124,NA
2026-02-25,2026-02-26,NA,0.0414,0.04721861267089843,0.03730657958984375,0.04641440200805664,0.03710064315795898,73,60,5,188,NA
2026-02-24,2026-02-25,NA,0.0458,0.04922004318237304,0.04035231399536133,0.04962292098999024,0.04207465744018555,71,48,6.5,181,NA
2026-02-23,2026-02-24,NA,0.0451,0.04746474075317383,0.04047451782226562,0.04733086776733399,0.0413182258605957,56,20,4.9,167,NA
2026-02-22,2026-02-23,NA,0.0422,0.04017197036743164,0.02993288040161133,0.04047474288940429,0.03076876640319824,57,14,10.3,336,NA
2026-02-21,2026-02-22,NA,0.0385,0.04091662216186523,0.03109520530700683,0.04073075485229492,0.03117013931274414,63,14,14.4,337,NA
2026-02-20,2026-02-21,NA,0.0423,0.04470896530151367,0.03361735153198242,0.04620367050170898,0.03417431640625,82,51,7.1,236,NA
2026-02-19,2026-02-20,NA,0.0386,0.0445999641418457,0.03422367477416992,0.0436628189086914,0.03276972198486328,80,66,4.9,192,NA
2026-02-18,2026-02-19,NA,0.0348,0.05390548706054687,0.04157147979736328,0.05388179016113281,0.04307710266113281,75,66,6.6,189,NA
2026-02-17,2026-02-18,NA,0.0388,0.04787146759033203,0.03728635406494141,0.04859718322753906,0.03748352432250976,75,60,6,176,NA
2026-02-16,2026-02-17,NA,0.0443,0.04361325073242187,0.0344007568359375,0.0432599868774414,0.03298514556884766,69,46,7.9,127,NA
2026-02-15,2026-02-16,NA,0.0414,0.04681093215942383,0.03861772155761719,0.04794438171386719,0.04019699096679687,60,50,4.4,7,NA
2026-02-14,2026-02-15,NA,0.0402,0.04539931106567382,0.03625514984130859,0.04613055419921875,0.03820462799072265,75,51,11.6,280,NA
2025-10-30,2025-10-31,0.04,0.0401,0.04669980621337891,0.03892782592773437,0.04688946533203125,0.03719692993164062,67,41,1.7,288,NA
2025-10-29,2025-10-30,0.03,0.033,0.04696394729614257,0.03921668624877929,0.04760496139526367,0.0413709831237793,66,44,7.1,310,NA
2025-10-28,2025-10-29,0.033,0.0344,0.04848818969726563,0.0394970703125,0.04890719604492187,0.04091294097900391,71,39,11,289,NA
2025-10-27,2025-10-28,0.034,0.0388,0.04748436737060547,0.04293320465087891,0.04917779922485352,0.04155345153808593,77,57,6.1,60,NA
2025-10-26,2025-10-27,0.035,0.0373,0.05108831405639649,0.04498475646972656,0.04695476913452148,0.04440537261962891,79,59,5.3,335,NA
2025-10-25,2025-10-26,0.037,0.0371,0.04960511016845703,0.04542362594604492,0.05308796310424805,0.04744913101196289,78,68,7.8,143,NA
2025-10-24,2025-10-25,0.047,0.0463,0.04706559753417969,0.04236577224731446,0.04755591964721679,0.04310827255249024,78,56,10.5,107,NA
2025-10-23,2025-10-24,0.051,0.0495,0.04903264617919922,0.04497733688354492,0.04902015686035156,0.04531149291992188,82,44,5.4,99,NA
2025-10-22,2025-10-23,0.047,0.0474,0.05044513702392578,0.04384634399414063,0.05006291580200195,0.04479526901245117,78,40,3.1,122,NA
2025-10-21,2025-10-22,0.04,0.0424,0.04612273788452149,0.04235934448242187,0.04533124542236328,0.04027207946777344,80,37,5.6,4,NA
2025-10-20,2025-10-21,0.048,0.0484,0.05495829772949218,0.04775804138183594,0.05354042053222656,0.04661239242553711,81,57,3.4,176,NA
2025-10-19,2025-10-20,0.042,0.0459,0.05046979141235351,0.04753652191162109,0.05032327651977539,0.04843570709228515,75,44,5.6,105,NA
2025-10-18,2025-10-19,0.042,0.0438,0.052052001953125,0.05014200973510742,0.0510176887512207,0.04812496948242188,87,45,6.5,323,NA
2025-10-17,2025-10-18,0.045,0.0426,0.05280809783935546,0.05138704299926758,0.05104825210571289,0.04842619323730469,85,69,10,149,NA
2025-10-16,2025-10-17,0.049,0.0512,0.05377332687377929,0.05301107025146484,0.0525169792175293,0.04988146209716797,83,61,5.2,127,NA
2025-10-15,2025-10-16,0.064,0.0621,0.06423001098632812,0.06298663711547851,0.06701244354248047,0.06248600387573242,86,60,1.9,171,NA
2025-10-14,2025-10-15,0.056,0.0583,0.05805692672729492,0.05329869842529296,0.05729523086547852,0.05175741195678711,87,54,4.2,106,NA
2025-10-13,2025-10-14,0.062,0.0606,0.05318406677246094,0.04437835693359375,0.05500772857666015,0.04458298873901367,86,52,3.2,5,NA
2025-10-12,2025-10-13,0.056,0.0575,0.0531974868774414,0.04380497741699218,0.05894808959960938,0.04878649520874023,85,49,1.7,249,NA
2025-10-11,2025-10-12,0.056,0.0541,0.05725274276733398,0.05307178497314453,0.06100938415527344,0.05320714950561523,82,49,2.4,300,NA
2025-10-10,2025-10-11,0.041,0.0473,0.04607608032226562,0.04085890197753906,0.04688393783569336,0.03913931655883789,83,54,5.5,7,NA
2025-10-09,2025-10-10,0.045,0.0455,0.04903623199462891,0.04352985000610351,0.04968179702758789,0.04182661437988281,84,57,7.1,28,NA
2025-10-08,2025-10-09,0.046,0.0455,0.05556388473510742,0.05069095230102539,0.05513485336303711,0.05083385848999023,89,56,7.2,10,NA
2025-10-07,2025-10-08,0.038,0.0377,0.04508767318725586,0.03841062545776367,0.04861730575561524,0.03822254562377929,89,69,4.3,7,NA
2025-10-06,2025-10-07,0.03,0.03,0.04351596832275391,0.03247455215454101,0.04297950363159179,0.03485297775268554,85,73,4.5,114,NA
2025-10-05,2025-10-06,0.032,0.0327,0.04666935348510742,0.03897492980957031,0.04671865844726562,0.04301773452758789,86,73,9.4,119,NA
2025-10-04,2025-10-05,0.038,0.0367,0.04543572998046875,0.04314994049072265,0.04605376815795898,0.04395716857910156,79,65,10.7,85,NA
2025-10-03,2025-10-04,0.036,0.0364,0.04122423934936523,0.03441867446899414,0.04194724273681641,0.03536967086791992,81,60,9,56,NA
2025-10-02,2025-10-03,0.038,0.0394,0.0398984375,0.02972601509094238,0.0398691520690918,0.02845903968811035,84,55,7.8,65,NA
2025-10-01,2025-10-02,0.044,0.0433,0.04567604827880859,0.03594663619995117,0.04652582168579101,0.03881974411010742,86,60,7.8,94,NA
2025-09-30,2025-10-01,0.039,0.0432,0.0522544937133789,0.04829471588134765,0.05154985427856445,0.04839672470092773,87,65,3.5,117,NA
2025-09-29,2025-09-30,0.046,0.0473,0.04587979125976562,0.03924417114257812,0.04867347717285156,0.04505693817138672,91,61,3.8,17,NA
2025-09-28,2025-09-29,0.047,0.0489,0.0555445327758789,0.04686999130249023,0.05344290161132813,0.04722882080078125,91,63,4,66,NA
2025-09-27,2025-09-28,0.049,0.0513,0.05794926834106445,0.04879655838012695,0.05882376861572266,0.05113063430786133,91,59,4.3,13,NA
2025-09-26,2025-09-27,0.047,0.0484,0.04904398345947265,0.047548095703125,0.04975948333740234,0.04688848876953125,90,61,4.3,357,NA
2025-09-25,2025-09-26,0.04,0.0406,0.05506349945068359,0.04858762741088867,0.04978689956665039,0.04827089309692382,87,64,4,330,NA
2025-09-24,2025-09-25,0.035,0.0344,0.03915163421630859,0.03568848419189453,0.0399582290649414,0.03659554672241211,85,72,2.3,274,NA
2025-09-23,2025-09-24,0.033,0.0362,0.0442367935180664,0.03688080596923828,0.0443403205871582,0.0380143928527832,89,73,4.1,199,NA
2025-09-22,2025-09-23,0.039,0.0383,0.04806426620483398,0.0490557975769043,0.04693373107910156,0.04564849472045898,89,69,5,161,NA
2025-09-21,2025-09-22,0.041,0.0404,0.04872726821899414,0.05132797241210937,0.04849595642089844,0.05094192886352539,89,70,6.8,137,NA
2025-09-20,2025-09-21,0.065,0.0608,0.05835520553588867,0.06128399276733398,0.05819723892211914,0.05980743026733398,91,67,4.8,149,NA
2025-09-19,2025-09-20,0.059,0.0605,0.05936161041259766,0.05888556671142578,0.05727328109741211,0.05425093841552735,91,66,1.7,181,NA
2025-09-18,2025-09-19,0.063,0.0596,0.06089472198486328,0.06005794906616211,0.05973138046264648,0.05804010009765625,92,55,2.9,173,NA
2025-09-17,2025-09-18,0.057,0.0593,0.056942626953125,0.05836628723144531,0.05661984634399414,0.05763076782226562,90,61,2.8,147,NA
2025-09-16,2025-09-17,0.059,0.06,0.06235714721679687,0.06205593109130859,0.05809701156616211,0.0605283088684082,90,62,3.6,145,NA
2025-09-15,2025-09-16,0.062,0.0619,0.06188064956665039,0.06255667877197266,0.06515425872802734,0.06544251251220704,88,65,2.3,156,NA
2025-09-14,2025-09-15,0.066,0.0652,0.05801137161254883,0.05657291412353515,0.05973335647583008,0.05716110610961914,91,61,3,165,NA
2025-09-13,2025-09-14,0.064,0.0622,0.06326515197753907,0.05744207382202148,0.0637099266052246,0.05792744064331055,90,61,2.4,174,NA
2025-09-12,2025-09-13,0.058,0.0531,0.05792094802856445,0.0520654182434082,0.0592397346496582,0.05234414672851562,89,69,3.8,139,NA
2025-09-11,2025-09-12,0.068,0.067,0.06575514984130859,0.05645094680786133,0.06657025909423828,0.05703045654296875,92,63,2.3,198,NA
2025-09-10,2025-09-11,0.066,0.0607,0.06861219024658204,0.05663931274414063,0.06838016510009766,0.05724822235107422,91,61,2.7,59,NA
2025-09-09,2025-09-10,0.053,0.0453,0.0498649787902832,0.04379417419433593,0.05016206359863281,0.04406549453735351,87,65,4.3,115,NA
2025-09-08,2025-09-09,0.046,0.0499,0.04814006423950195,0.04018600463867188,0.04908697891235351,0.04208516311645508,87,60,6,101,NA
2025-09-07,2025-09-08,0.045,0.0431,0.04939996719360352,0.04756033325195313,0.04909111022949219,0.04735198974609375,88,52,6.3,3,NA
2025-09-06,2025-09-07,0.04,0.0427,0.047602783203125,0.04624971389770507,0.04947724533081055,0.04804267501831055,89,56,8.2,4,NA
2025-09-05,2025-09-06,0.043,0.0449,0.04919180297851562,0.04427567291259766,0.04800554656982422,0.04005743408203125,92,68,2.6,348,NA
2025-09-04,2025-09-05,0.042,0.0427,0.04539229965209961,0.03511117172241211,0.04571451187133789,0.03596825408935546,90,69,3.7,158,NA
2025-09-03,2025-09-04,0.046,0.0461,0.0546810302734375,0.04719611740112305,0.05790878677368164,0.04897461700439453,89,63,4,184,NA
2025-09-02,2025-09-03,0.047,0.0482,0.05587899398803711,0.04501808547973632,0.05560770416259766,0.04416686630249023,88,62,3,144,NA
2025-09-01,2025-09-02,0.048,0.0471,0.05272254943847656,0.0446502685546875,0.0519679069519043,0.04406777572631835,86,62,4.9,101,NA
2025-08-31,2025-09-01,0.045,0.0443,0.04990864944458008,0.04027675247192382,0.04925772094726562,0.04111299896240234,87,66,6.8,107,NA
2025-08-30,2025-08-31,0.045,0.0447,0.0495630874633789,0.04246353530883789,0.04952505493164062,0.04274803924560547,88,69,4.9,71,NA
2025-08-29,2025-08-30,0.036,0.0384,0.05599018859863281,0.05401394271850586,0.05269554138183593,0.04353016662597656,86,70,4.7,357,NA
2025-08-28,2025-08-29,0.039,0.0405,0.05876824569702148,0.05649938583374023,0.05634460830688476,0.05646354293823242,80,69,3.1,31,NA
2025-08-27,2025-08-28,0.056,0.0517,0.06212438583374023,0.05127774810791016,0.06434551239013672,0.05746154403686523,89,69,4.1,136,NA
2025-08-26,2025-08-27,0.054,0.0546,0.05108243942260742,0.04844168472290039,0.05788557434082031,0.04774916458129882,89,64,3.2,64,NA
2025-08-25,2025-08-26,0.055,0.0551,0.05074755096435546,0.04678688430786133,0.05223740768432617,0.04332401657104492,91,62,3.6,62,NA
2025-08-24,2025-08-25,0.052,0.0529,0.05813348388671875,0.04779346466064453,0.05861642074584961,0.0484230842590332,91,70,4.3,79,NA
2025-08-23,2025-08-24,0.057,0.0566,0.06169502639770508,0.04523744964599609,0.06175113296508789,0.04675235366821289,94,67,3.5,326,NA
2025-08-22,2025-08-23,0.057,0.0532,0.0594793701171875,0.04376694869995117,0.05733969116210937,0.04036649703979492,90,72,2.3,219,NA
2025-08-21,2025-08-22,0.041,0.0437,0.05666588592529296,0.04347055435180664,0.05828000640869141,0.04197377395629883,89,70,2.7,339,NA
2025-08-20,2025-08-21,0.043,0.045,0.05855277633666992,0.04253762054443359,0.05647737121582031,0.04248626327514648,92,72,3.3,356,NA
2025-08-19,2025-08-20,0.043,0.0453,0.06187435531616211,0.04064261627197266,0.06139810943603516,0.04066139221191406,91,73,2.9,133,NA
2025-08-18,2025-08-19,0.054,0.0502,0.0528029556274414,0.03997568511962891,0.05503506469726562,0.03680244445800781,95,71,3.8,98,NA
2025-08-17,2025-08-18,0.042,0.0439,0.06481354522705078,0.04964628601074219,0.06149643707275391,0.04614818572998046,93,73,3.8,134,NA
2025-08-16,2025-08-17,0.045,0.0461,0.07223809051513672,0.05590763473510742,0.0713780517578125,0.05516757583618164,95,71.6,2.1,1,NA
2025-08-15,2025-08-16,0.038,0.0411,0.05244773864746094,0.03806025695800781,0.05869028472900391,0.04208443832397461,93,70,3.8,320,NA
2025-08-14,2025-08-15,0.036,0.0389,0.05274068450927734,0.03738397979736328,0.05114450836181641,0.03627230072021484,92,71,3,281,NA
2025-08-13,2025-08-14,0.041,0.0433,0.04934759521484375,0.03436919403076172,0.05081159591674805,0.03448451232910156,93,69,4.6,237,NA
2025-08-12,2025-08-13,0.046,0.0419,0.05335983276367187,0.03993208312988281,0.05230016708374023,0.03692538452148437,90,74,3.6,201,NA
2025-08-11,2025-08-12,0.03,0.0299,0.04192671585083007,0.02613032531738281,0.04509491729736328,0.02783721160888672,83,75,3,58,NA
2025-08-10,2025-08-11,0.027,0.0282,0.04604241561889648,0.02945693397521972,0.05001195907592773,0.03588625717163086,89,73,5.1,59,NA
2025-08-09,2025-08-10,0.028,0.0324,0.04553106307983398,0.03357784271240234,0.04408323669433594,0.03243994903564453,89,72,6.4,93,NA
2025-08-08,2025-08-09,0.034,0.0359,0.04807880783081055,0.03778843307495117,0.0485083999633789,0.03762572860717773,88,69,5.1,51,NA
2025-08-07,2025-08-08,0.04,0.0405,0.04719049453735351,0.03633559036254882,0.04769144058227539,0.03604805374145508,91,70,5.4,93,NA
2025-08-06,2025-08-07,0.041,0.0406,0.05844165802001953,0.04000539779663086,0.05474832153320312,0.03994031143188476,89,74,2.1,75,NA
2025-08-05,2025-08-06,0.043,0.0376,0.06434559631347657,0.04774992370605469,0.062701637268066407,0.04799671173095703,89,72,2.6,105,NA
2025-08-04,2025-08-05,0.038,0.038,0.05221703338623047,0.04466297149658203,0.05300677490234375,0.04488822174072265,88,72,3.9,63,NA
2025-08-03,2025-08-04,0.037,0.039,0.05272616577148437,0.04434896469116211,0.0539734878540039,0.04610508728027344,88,70,3.9,51,NA
2025-08-02,2025-08-03,0.034,0.0397,0.05837499618530274,0.04923411178588867,0.0556406135559082,0.04847434616088867,92,70,5.3,339,NA
2025-08-01,2025-08-02,0.049,0.0495,0.05947490310668945,0.05483201599121094,0.05131482315063476,0.04453491973876953,89,73,3.4,16,NA
2025-07-31,2025-08-01,0.061,0.0586,0.0592857780456543,0.0438793830871582,0.05785536193847656,0.04425643920898437,93,73,3.6,221,NA
2025-07-30,2025-07-31,0.06,0.0581,0.05203681945800781,0.04095341491699218,0.05732975387573242,0.04371627807617187,92,68,3.1,214,NA
2025-07-29,2025-07-30,0.051,0.0489,0.05730023193359375,0.04669066619873047,0.05917102813720703,0.0444064712524414,92,70,4.1,258,NA
2025-07-28,2025-07-29,0.041,0.0418,0.04680669021606445,0.03507240295410156,0.04922687530517578,0.03211093902587891,99,72,5.4,324,NA
2025-07-27,2025-07-28,0.032,0.0345,0.05166275024414062,0.03746693801879883,0.05251086044311523,0.0372140998840332,98,71,5.6,328,NA
2025-07-26,2025-07-27,0.026,0.0297,0.04595360565185547,0.03040607833862304,0.04616257858276367,0.0307259464263916,92,74,1.9,168,NA
2025-07-25,2025-07-26,0.026,0.0273,0.03862990188598633,0.02173722839355468,0.03616505813598632,0.02104189491271972,91,76,5.5,156,NA
2025-07-24,2025-07-25,0.029,0.0325,0.03482844924926757,0.02320612907409668,0.03579432296752929,0.02361578559875488,90,73,7.8,155,NA
2025-07-23,2025-07-24,0.047,0.0423,0.04631184768676758,0.03679124450683593,0.04763851165771484,0.03643106460571289,88,75,6.9,119,NA
2025-07-22,2025-07-23,0.029,0.0413,0.06104561233520508,0.04559770584106445,0.05923695755004882,0.04696451187133789,97,72,3.8,354,NA
2025-07-21,2025-07-22,0.037,0.0378,0.04798560333251953,0.03936153030395507,0.04921577453613281,0.03796403121948242,97,74,4,294,NA
2025-07-20,2025-07-21,0.034,0.0349,0.05340882110595703,0.04383059692382812,0.05295789337158203,0.04256811904907227,94,72,3.3,238,NA
2025-07-19,2025-07-20,0.026,0.0282,0.04240937805175781,0.03366050338745117,0.04180896377563476,0.03183641624450684,93,72,3.4,193,NA
2025-07-18,2025-07-19,0.024,0.0305,0.04084113693237305,0.0303842601776123,0.04067811203002929,0.02931350708007812,90,73,3.6,191,NA
2025-07-17,2025-07-18,0.039,0.0369,0.03788590621948242,0.02836733245849609,0.03903364944458008,0.02751132011413574,88,75,5.3,190,NA
2025-07-16,2025-07-17,0.043,0.0415,0.04924317550659179,0.03903150177001953,0.05166786956787109,0.04293803405761719,88,74,8.4,123,NA
2025-07-15,2025-07-16,0.036,0.0462,0.05756854248046875,0.04871675872802734,0.05682332992553711,0.04853936004638672,95,73,4.7,321,NA
2025-07-14,2025-07-15,0.042,0.0413,0.05206379699707031,0.04086894989013671,0.05244741821289062,0.04266669845581054,96,71,3.8,312,NA
2025-07-13,2025-07-14,0.036,0.0343,0.04523263549804687,0.03796087646484375,0.04591761779785156,0.03845354080200195,92,72,2.1,236,NA
2025-07-12,2025-07-13,0.026,0.0297,0.04084194183349609,0.03460254287719726,0.04035734176635742,0.03241030883789062,92,73.4,3.2,208,NA
2025-07-11,2025-07-12,0.033,0.0359,0.04231822204589844,0.03632368087768554,0.04328020095825195,0.03565888977050781,92,69,3.1,170,NA
2025-07-10,2025-07-11,0.036,0.0396,0.04106605529785156,0.03445618057250976,0.04124301147460937,0.03479623031616211,90,70,3.2,237,NA
2025-07-09,2025-07-10,0.043,0.0436,0.04764301681518555,0.04283892440795898,0.04734600448608398,0.04269443893432617,90,71,3.2,278,NA
2025-07-08,2025-07-09,0.042,0.044,0.05350102615356445,0.04791164398193359,0.05407080841064453,0.04993779754638672,90,69,2.8,271,NA
2025-07-07,2025-07-08,0.044,0.0451,0.04771022796630859,0.03963070678710937,0.04701125717163085,0.03864073181152343,91,72,3.5,231,NA
2025-07-06,2025-07-07,0.051,0.0509,0.05118434524536133,0.03856713485717773,0.05298450088500976,0.04312171936035156,91,71,3.7,192,NA
2025-07-05,2025-07-06,0.058,0.0551,0.06292302322387695,0.05100675201416015,0.06150753402709961,0.05183023834228516,91,69,2.5,176,NA
2025-07-04,2025-07-05,0.047,0.0503,0.06089223861694336,0.05138608932495117,0.06230314636230469,0.05337979888916015,93,69,3.7,25,NA
2025-07-03,2025-07-04,0.054,0.0532,0.05923556518554687,0.05143553161621093,0.05387617874145507,0.04708851242065429,94,65,4,356,NA
2025-07-02,2025-07-03,0.046,0.0488,0.04849047088623047,0.04060438156127929,0.05078684997558594,0.0427911376953125,94,65,3.4,342,NA
2025-07-01,2025-07-02,0.05,0.0366,0.04651369857788086,0.03842586135864258,0.04727232360839844,0.03801541519165039,91,72,3.6,275,NA
2025-06-30,2025-07-01,0.03,0.0332,0.0430734748840332,0.03730607986450195,0.04173242568969727,0.03454419326782226,92,70,5.2,283,NA
2025-06-29,2025-06-30,0.024,0.0383,0.04277696228027344,0.038438526153564453,0.03681496047973633,0.03477705764770508,91,70,3.4,254,NA
2025-06-28,2025-06-29,0.029,0.036,0.04355706787109375,0.03486154174804688,0.04491447830200195,0.03551399612426758,89,72,2.9,238,NA
2025-06-27,2025-06-28,0.048,0.0469,0.04216497802734375,0.03001279067993164,0.04268054580688477,0.0311742992401123,88,71,1.9,170,NA
2025-06-26,2025-06-27,0.054,0.051,0.05004719161987305,0.03704522705078125,0.05408023834228515,0.04194870758056641,89,71,2.9,149,NA
2025-06-25,2025-06-26,0.055,0.0499,0.06380330276489257,0.04857659530639648,0.05992984771728515,0.0468045539855957,91,69,4.2,112,NA
2025-06-24,2025-06-25,0.039,0.0389,0.05477636337280273,0.0396993522644043,0.05566065979003906,0.04200437927246094,94,70,4.1,104,NA
2025-06-23,2025-06-24,0.034,0.0425,0.04510355377197266,0.03385576629638671,0.04336230850219726,0.03117583847045898,91,71,5.5,112,NA
2025-06-22,2025-06-23,0.048,0.0447,0.05752470016479492,0.04089113616943359,0.05480578231811523,0.03865130996704102,91,69,3.4,86,NA
2025-06-18,2025-06-19,0.028,0.0299,0.04393976974487305,0.03058097839355468,0.04397706604003906,0.02811825561523437,92,72,3.3,217,NA
2025-06-17,2025-06-18,0.029,0.0282,0.03879224395751953,0.02431723022460937,0.0370489501953125,0.0230086669921875,89,74,4.9,175,NA
2025-06-16,2025-06-17,0.027,0.0268,0.0379405288696289,0.02748201179504394,0.03719384002685547,0.02608850479125976,87,71.6,3.5,193,NA
2025-06-15,2025-06-16,0.023,0.026,0.04093124771118164,0.02838672065734863,0.04074553680419922,0.02733140754699707,89,72,3.2,192,NA
2025-06-14,2025-06-15,0.03,0.0323,0.04239154815673828,0.02902633285522461,0.04076741027832031,0.0274166259765625,89,70,3,180,NA
2025-06-13,2025-06-14,0.027,0.0318,0.04048596954345703,0.02605338668823242,0.03959761810302734,0.02547211647033691,90,67,4.3,208,NA
2025-06-12,2025-06-13,0.03,0.027,0.04036122131347656,0.02531181716918945,0.04064326858520507,0.02656402969360351,87,69,4.5,178,NA
2025-06-11,2025-06-12,0.023,0.0268,0.03480590057373047,0.02211373901367187,0.03589470672607422,0.02377966117858886,89,71,6.6,149,NA
2025-06-10,2025-06-11,0.035,0.0372,0.05529167175292968,0.04255226898193359,0.05376469802856445,0.04571397018432617,89,69,4.3,145,NA
2025-06-09,2025-06-10,0.035,0.0401,0.04682609176635742,0.0369401626586914,0.04940706253051757,0.04309297561645508,88,67,3.8,254,NA
2025-06-08,2025-06-09,0.034,0.0357,0.04105055236816406,0.03353775024414062,0.04016205596923828,0.0316841983795166,89,68,6.3,227,NA
2025-06-07,2025-06-08,0.032,0.0327,0.04780537796020508,0.04178325653076172,0.04739312744140625,0.03730104446411133,92,73,4.8,236,NA
2025-06-06,2025-06-07,0.03,0.031,0.04532161331176758,0.03802357482910156,0.04522154235839844,0.03387626647949218,91,74,5.3,214,NA
2025-06-05,2025-06-06,0.031,0.0342,0.04683880996704102,0.03570502471923828,0.04449819183349609,0.03461538314819336,90,73,5,207,NA
2025-06-04,2025-06-05,0.04,0.04,0.0543856201171875,0.04440850830078125,0.0534048957824707,0.04394850158691406,89,71,2.6,182,NA
2025-06-03,2025-06-04,0.041,0.0403,0.04931005859375,0.04665569305419922,0.05405503463745117,0.0500947036743164,86,70,6.7,123,NA
2025-06-02,2025-06-03,0.054,0.0522,0.04862818527221679,0.04798079299926758,0.04945078277587891,0.04780378341674805,87,63,8.3,109,NA
2025-06-01,2025-06-02,0.06,0.0599,0.06032883834838867,0.04684411239624023,0.0610245132446289,0.04834078979492187,86,65,3,155,NA
2025-05-31,2025-06-01,0.059,0.0606,0.05502717208862304,0.04258528137207031,0.05556893157958984,0.04417324447631836,85,57,2.7,205,NA
2025-05-30,2025-05-31,0.057,0.0552,0.04784363555908203,0.04004986190795898,0.04877372360229492,0.0397176284790039,84,55,4.6,345,NA
2025-05-29,2025-05-30,0.047,0.0425,0.05146434783935547,0.03580467987060547,0.05043965911865234,0.03581262588500977,90,67,5.8,312,NA
2025-05-28,2025-05-29,0.039,0.0369,0.04835055541992188,0.03923282241821289,0.04868684768676758,0.03472293853759765,84,68,3.4,119,NA
2025-05-27,2025-05-28,0.029,0.029,0.05013647079467773,0.03246343994140625,0.0495777473449707,0.03226982498168945,88,69,4.5,186,NA
2025-05-26,2025-05-27,0.024,0.0239,0.04200067520141602,0.0238517951965332,0.0425997314453125,0.02539735984802246,86,71,6.2,177,NA
2025-05-25,2025-05-26,0.021,0.0243,0.03789167404174805,0.01876261138916015,0.03768146133422851,0.01924904060363769,87,67,6.7,155,NA
2025-05-24,2025-05-25,0.025,0.0305,0.04451164245605468,0.02489511299133301,0.04444271469116211,0.02350366973876953,90,67,5,166,NA
2025-05-23,2025-05-24,0.024,0.0304,0.0445926513671875,0.02939154815673828,0.04418684005737305,0.02879857635498046,88,66,5,189,NA
2025-05-22,2025-05-23,0.036,0.0412,0.06022283554077148,0.04068397521972656,0.0606968994140625,0.04224341201782226,87,66,4.4,163,NA
2025-05-21,2025-05-22,0.053,0.0503,0.05962679290771484,0.03935566711425781,0.05801393127441406,0.03823740005493164,88,55,4.8,137,NA
2025-05-20,2025-05-21,0.034,0.0347,0.0533012809753418,0.03655014419555664,0.04953789901733398,0.03160752868652344,81,61,3.6,342,NA
2025-05-19,2025-05-20,0.029,0.0279,0.04780925750732422,0.03420186233520508,0.04738622283935546,0.03205088424682617,87,73,8.9,178,NA
2025-05-18,2025-05-19,0.026,0.0266,0.04397039794921875,0.02870208930969238,0.04490305328369141,0.02911578941345214,86,72,7.6,165,NA
2025-05-17,2025-05-18,0.027,0.0286,0.04996615982055664,0.03164411926269531,0.05102954864501953,0.03405929946899414,85,72,6,174,NA
2025-05-16,2025-05-17,0.035,0.0326,0.04936307144165039,0.03268628692626953,0.04979509735107422,0.03492784881591797,86,73,6.4,191,NA
2025-05-15,2025-05-16,0.029,0.0283,0.05174558639526367,0.04099464416503906,0.05066010665893555,0.03984703826904297,86,73.4,8.2,185,NA
2025-05-14,2025-05-15,0.033,0.0352,0.06136395263671875,0.04890947341918945,0.06066084289550781,0.04712017440795899,85,72,7.2,185,NA
2025-05-13,2025-05-14,0.059,0.0522,0.05684020614624023,0.04982446670532226,0.05710166549682617,0.05009375762939453,83,67,8.2,187,NA
2025-05-12,2025-05-13,0.057,0.0555,0.06126559448242187,0.05619662857055664,0.0600816421508789,0.05355418395996093,81,59,5.1,199,NA
2025-05-11,2025-05-12,0.059,0.0536,0.05501296234130859,0.05141570663452148,0.05521077728271485,0.05025465393066406,76,56,4.2,207,NA
2025-05-10,2025-05-11,0.053,0.0515,0.05786685562133789,0.0503905029296875,0.05589749526977539,0.04862212371826172,77,60,3.4,217,NA
2025-05-09,2025-05-10,0.04,0.0405,0.04967898559570313,0.0469671630859375,0.04925519561767578,0.04335602569580078,74,62,4,306,NA
2025-05-08,2025-05-09,0.039,0.0398,0.0519088134765625,0.04661902618408203,0.05253282165527344,0.04895430755615234,73,64,5.6,25,NA
2025-05-07,2025-05-08,0.046,0.0407,0.05020464324951172,0.05027481079101562,0.05527339553833008,0.05325843048095703,82,63,3,157,NA
2025-05-06,2025-05-07,0.037,0.0386,0.04578958129882812,0.04292589950561523,0.04612494659423828,0.04396733474731445,76,65,5.7,82,NA
2025-05-05,2025-05-06,0.045,0.0459,0.05064429092407226,0.04778829193115234,0.05035359191894531,0.04811708831787109,80,62,12.3,111,NA
2025-05-04,2025-05-05,0.051,0.0526,0.05109512710571289,0.04905827331542969,0.05063845062255859,0.05017174530029297,78,49,3.3,119,NA
2025-05-03,2025-05-04,0.045,0.0535,0.04711035919189453,0.04838689422607422,0.04667265701293945,0.04611272811889648,79,47,4.3,319,NA
2025-05-02,2025-05-03,0.049,0.0458,0.05238066482543945,0.05374866485595703,0.05076279067993164,0.04809282684326171,78,61,4.8,279,NA
2025-05-01,2025-05-02,0.045,0.0437,0.04702822875976562,0.03923914337158203,0.047145751953125,0.04086933517456054,83,66,6.6,168,NA
2025-04-30,2025-05-01,0.046,0.0446,0.04770833206176757,0.03975876617431641,0.04750276184082031,0.04026507949829101,82,59,6.4,153,NA
2025-04-29,2025-04-30,0.044,0.0428,0.04986340713500976,0.04660041427612305,0.05037210464477539,0.04556864166259766,84,66,8.4,155,NA
2025-04-28,2025-04-29,0.044,0.0401,0.04600521850585937,0.04014929962158203,0.04814109420776367,0.042640869140625,84,66,6.9,145,NA
2025-04-27,2025-04-28,0.036,0.0385,0.05121297836303711,0.04396849060058593,0.05125514984130859,0.04459925079345703,84,65,4.3,155,NA
2025-04-26,2025-04-27,0.043,0.0441,0.05486855316162109,0.04761470413208008,0.05411043930053711,0.04551809692382812,86,64,2.9,181,NA
2025-04-25,2025-04-26,0.042,0.0433,0.05359917449951171,0.04417126083374023,0.05051029205322265,0.04254240798950195,85,65,3,182,NA
2025-04-24,2025-04-25,0.044,0.037,0.04931365203857422,0.04593012619018555,0.04906701278686523,0.04958259201049805,82,66,7,161,NA
2025-04-23,2025-04-24,0.038,0.0381,0.04338279724121094,0.03926803207397461,0.04299119186401367,0.03866194915771484,82,67,8.2,135,NA
2025-04-22,2025-04-23,0.042,0.0391,0.04465269470214843,0.04017288589477539,0.04472723770141602,0.04263317489624024,82,67,7.4,153,NA
2025-04-21,2025-04-22,0.038,0.0376,0.04844867706298828,0.04509767150878906,0.04705295181274414,0.04512927627563477,82,67,5.7,159,NA
2025-04-20,2025-04-21,0.041,0.0411,0.04471689987182617,0.04774733734130859,0.04469125366210937,0.04568323516845703,79,66,8.4,148,NA
2025-04-19,2025-04-20,0.043,0.0439,0.04949068832397461,0.05402378463745117,0.0485165786743164,0.05215959167480469,81,67,13.9,132,NA
2025-04-18,2025-04-19,0.054,0.0499,0.05147209930419922,0.05514436340332031,0.05085897064208984,0.05472177505493164,80,67,11.6,127,NA
2025-04-17,2025-04-18,0.057,0.054,0.05542678451538086,0.05617876815795898,0.05498554992675781,0.05661286163330078,80,63,10.9,147,NA
2025-04-16,2025-04-17,0.057,0.0566,0.04757516479492187,0.05139426803588867,0.04749688720703125,0.05195563888549805,77,50,6.1,151,NA
2025-04-15,2025-04-16,0.056,0.0552,0.05055821228027343,0.05525445175170898,0.05128506851196289,0.05561137008666992,75,35,5.2,95,NA
2025-04-14,2025-04-15,0.049,0.0498,0.04052225112915039,0.04144603729248047,0.04063722991943359,0.04054187393188476,82,39,6,332,NA
2025-04-13,2025-04-14,0.058,0.0596,0.05327092361450195,0.05493778228759766,0.05313274383544922,0.05470072174072266,78,55,5,196,NA
2025-04-12,2025-04-13,0.06,0.0566,0.05111748886108398,0.05568693542480468,0.04999187850952148,0.05374687576293945,76,47,5,158,NA
2025-04-11,2025-04-12,0.046,0.0498,0.04454050064086914,0.05249652862548828,0.04582563781738281,0.0512005500793457,77,40,4,338,NA
2025-04-10,2025-04-11,0.051,0.0517,0.04572761154174804,0.04540045166015625,0.04522546005249023,0.0449216423034668,80,35,8,321,NA
2025-04-09,2025-04-10,0.067,0.0643,0.05501787948608398,0.04495556259155273,0.05628184509277344,0.04694430160522461,77,51,4.6,221,NA
2025-04-08,2025-04-09,0.057,0.0566,0.04682642364501953,0.0396057357788086,0.04686879730224609,0.04124191665649414,72,39,3.1,234,NA
2025-04-07,2025-04-08,0.05,0.0475,0.04401001739501953,0.04333608627319336,0.04405395126342773,0.04279887390136719,74,37,5.6,323,NA
2025-04-06,2025-04-07,0.033,0.0345,0.04279793548583984,0.04056397628784179,0.04231402587890625,0.03965049362182617,59,44,9.5,323,NA
2025-04-05,2025-04-06,0.036,0.0368,0.04402141571044922,0.03901174926757812,0.0440518913269043,0.03677715301513672,72,71,9,203,NA
2025-04-04,2025-04-05,0.038,0.0334,0.04257614898681641,0.03491871261596679,0.04219277572631836,0.03345662307739257,75,72,15,144,NA
2025-04-03,2025-04-04,0.027,0.029,0.03727638626098633,0.02898542785644531,0.0373564338684082,0.02620234680175781,73,70,13.9,128,NA
2025-04-02,2025-04-03,0.028,0.0276,0.03797172164916992,0.03128613471984863,0.03765668106079101,0.02998116874694824,78,72,13.8,140,NA
2025-04-01,2025-04-02,0.023,0.0267,0.04020538711547852,0.03347432327270508,0.041334716796875,0.0356523323059082,77,71,15,142,NA
2025-03-31,2025-04-01,0.038,0.0409,0.04710086822509765,0.04604845428466796,0.04905789184570312,0.04775204849243164,73,62,9.6,113,NA
2025-03-30,2025-03-31,0.049,0.0453,0.04824739456176757,0.05043323135375976,0.05235711288452148,0.05188021469116211,79,61,5,224,NA
2025-03-29,2025-03-30,0.035,0.04,0.05016522216796875,0.04892399215698242,0.0493179702758789,0.04900241470336914,74,68,7.4,154,NA
2025-03-28,2025-03-29,0.047,0.0462,0.04565049362182617,0.04626128005981445,0.04608034133911132,0.04569801712036132,77,66,14.2,130,NA
2025-03-27,2025-03-28,0.054,0.0509,0.04766701507568359,0.05024142456054687,0.04678818130493164,0.0490443000793457,76,62,13.8,120,NA
2025-03-23,2025-03-24,0.049,0.0485,0.05407165145874023,0.05253232192993164,0.05483736801147461,0.05409096145629882,69,56,3.8,136,NA
2025-03-22,2025-03-23,0.049,0.0489,0.04713349533081055,0.04564345550537109,0.04751897430419922,0.04607066345214843,74,53,7.2,154,NA
2025-03-21,2025-03-22,0.056,0.0578,0.05061011886596679,0.05279803085327148,0.05095161056518554,0.05184860229492187,73,45,4.2,179,NA
2025-03-20,2025-03-21,0.05,0.0491,0.04432561874389648,0.0468050422668457,0.04595742416381836,0.05028414916992187,62,25,3.7,158,NA
2025-03-19,2025-03-20,0.043,0.0425,0.04414906311035156,0.04329760360717773,0.0445228157043457,0.0433117790222168,69,30,12.1,314,NA
2025-03-18,2025-03-19,0.05,0.0505,0.05165172958374024,0.03971047592163086,0.05195335388183594,0.03990398025512695,77,57,8.7,180,NA
2025-03-17,2025-03-18,0.054,0.0543,0.04768290710449219,0.04015339660644531,0.046661376953125,0.03866157913208008,70,41,5,159,NA
2025-03-16,2025-03-17,0.046,0.0481,0.04275289154052734,0.04139161682128906,0.04395793151855469,0.04125986862182617,74,22,3.9,323,NA
2025-03-15,2025-03-16,0.046,0.0443,0.04842153167724609,0.04541875457763672,0.04758360290527343,0.04443186187744141,73,28,10.3,298,NA
2025-03-14,2025-03-15,0.036,0.0358,0.04651083755493164,0.04002941513061523,0.04665545654296875,0.0419316291809082,77,67,13.5,157,NA
2025-03-13,2025-03-14,0.039,0.0408,0.05144510269165039,0.04478242111206054,0.05180438995361328,0.04507389450073242,76,66,11,139,NA
2025-03-12,2025-03-13,0.049,0.0501,0.0559400405883789,0.04900345611572265,0.05667105865478515,0.0504104232788086,76,62,6.7,176,NA
2025-03-11,2025-03-12,0.056,0.0578,0.05861629867553711,0.05242596435546875,0.05861817932128906,0.0524562759399414,72,47,5.1,170,NA
2025-03-10,2025-03-11,0.056,0.0509,0.04907445526123047,0.04902970886230468,0.0497134895324707,0.04998235321044922,72,37,3.9,193,NA
2025-03-09,2025-03-10,0.042,0.0423,0.04876263427734375,0.05069771575927735,0.04921784591674805,0.05434479141235351,73,43,8.1,313,NA
2025-03-08,2025-03-09,0.029,0.0324,0.04540291213989258,0.0427766342163086,0.04874637603759765,0.04482047653198242,69,54,6.3,1,NA
2025-03-07,2025-03-08,0.043,0.0445,0.04696555709838867,0.04776797485351562,0.04182469177246094,0.04511830902099609,77,63,6.9,100,NA
2025-03-06,2025-03-07,0.051,0.0549,0.05172550582885742,0.0533205337524414,0.05201254272460937,0.0542005615234375,69,43,5,143,NA
2025-03-05,2025-03-06,0.045,0.0467,0.04565239334106445,0.05332621383666992,0.04524827575683594,0.052194580078125,67,24,4.5,300,NA
2025-03-04,2025-03-05,0.043,0.0432,0.04708636856079101,0.05457415390014648,0.04779314804077148,0.05201299285888672,69,28,10.3,288,NA
2025-03-03,2025-03-04,0.049,0.0477,0.05153845596313476,0.05660384368896484,0.05121581649780273,0.05576918029785156,72,54,12.5,137,NA
2025-03-02,2025-03-03,0.051,0.0503,0.04709021377563476,0.05602961730957031,0.04777619934082031,0.05357388305664062,68,28,9,107,NA
2025-03-01,2025-03-02,0.047,0.0496,0.04282443618774414,0.04964432525634765,0.04230381393432617,0.0514716682434082,70,24,5,19,NA
2025-02-28,2025-03-01,0.057,0.0502,0.05203094863891602,0.04574016952514648,0.05176398849487305,0.04670543670654296,81,28,5.1,309,NA
2024-10-30,2024-10-31,0.037,0.0358,0.04511739349365235,0.03541083908081054,0.04498820495605469,0.03557506942749023,84,72,10.7,131,NA
2024-10-29,2024-10-30,0.04,0.0439,0.04565066909790039,0.03976111984252929,0.04607251739501953,0.04184614944458008,84,61,10.1,107,NA
2024-10-28,2024-10-29,0.045,0.044,0.05075359344482422,0.04878826141357421,0.05035886001586914,0.0493640022277832,82,66,8.9,112,NA
2024-10-27,2024-10-28,0.051,0.0529,0.05573517608642578,0.05021315002441406,0.05556201934814453,0.05210835266113281,85,57,3.7,125,NA
2024-10-26,2024-10-27,0.057,0.0581,0.05994636917114258,0.04851944732666016,0.06014832305908203,0.04826544570922851,85,55,2.8,179,NA
2024-10-25,2024-10-26,0.058,0.0578,0.06221612930297851,0.05092427062988281,0.06101605606079102,0.05107907867431641,87,57,2.3,137,NA
2024-10-24,2024-10-25,0.056,0.0556,0.06006940078735352,0.05212391281127929,0.05986520004272461,0.05217002487182617,84,57,1.7,158,NA
2024-10-23,2024-10-24,0.049,0.0493,0.063693012237548835,0.05715218353271485,0.06098309707641601,0.05377983093261718,87,56,3.2,280,NA
2024-10-22,2024-10-23,0.044,0.045,0.05549798583984375,0.04823775482177734,0.05697472381591797,0.04966229629516602,85,56,2,63,NA
2024-10-21,2024-10-22,0.041,0.0512,0.04632509231567382,0.03871368408203125,0.04519119644165039,0.03919976806640625,81,49,2.2,138,NA
2024-10-20,2024-10-21,0.05,0.0495,0.05407219696044921,0.05090784454345703,0.05408852767944336,0.04961331176757812,80,44,2.5,103,NA
2024-10-19,2024-10-20,0.044,0.0465,0.04945147705078125,0.0470185775756836,0.04947860336303711,0.04496002960205078,83,47,3.1,35,NA
2024-10-18,2024-10-19,0.047,0.0464,0.0482554931640625,0.04206477355957031,0.04874446487426757,0.04351194000244141,79,45,5,71,NA
2024-10-17,2024-10-18,0.046,0.0457,0.04793054962158203,0.04464559173583984,0.04762154388427734,0.04506815338134765,75,40,4.2,84,NA
2024-10-16,2024-10-17,0.042,0.043,0.04782370376586914,0.04962853240966797,0.04757471466064453,0.04832380676269531,73,35,3.8,53,NA
2024-10-15,2024-10-16,0.037,0.0407,0.04204055404663086,0.04652532577514648,0.04175149917602539,0.04612660980224609,70,29,10,21,NA
2024-10-14,2024-10-15,0.049,0.0499,0.0597464599609375,0.06324459838867187,0.06282599639892578,0.0656994400024414,82,44,5.6,49,NA
2024-10-13,2024-10-14,0.052,0.0546,0.06030984497070312,0.05906115341186523,0.05931668090820313,0.0583985481262207,87,53,4,320,NA
2024-10-12,2024-10-13,0.069,0.0639,0.0595556640625,0.05762653732299804,0.05971699523925781,0.05955862045288086,82,57,2.3,209,NA
2024-10-11,2024-10-12,0.056,0.059,0.05499527740478516,0.05006976318359375,0.05519422149658203,0.04977212142944336,83,55,1.7,154,NA
2024-10-10,2024-10-11,0.061,0.0613,0.05654450988769531,0.0498636474609375,0.05702625274658203,0.05181255722045899,84,53,2.9,114,NA
2024-10-09,2024-10-10,0.059,0.0573,0.05366827774047851,0.04723041152954101,0.05449736404418945,0.04830189895629883,88,52,4.4,1,NA
2024-10-08,2024-10-09,0.051,0.0508,0.05119091796875,0.04253561019897461,0.0502766342163086,0.04234811782836914,90,53,7,8,NA
2024-10-07,2024-10-08,0.049,0.0482,0.05373763275146484,0.04038938522338867,0.05459367370605469,0.04048802947998047,86,53,6.7,358,NA
2024-10-06,2024-10-07,0.049,0.0452,0.05072194290161132,0.04302688217163086,0.05052596282958984,0.03824001312255859,91,59,5.9,26,NA
2024-10-05,2024-10-06,0.028,0.0341,0.0457662353515625,0.04109735870361328,0.04455964279174804,0.03415561676025391,88,68,7,34,NA
2024-10-04,2024-10-05,0.028,0.0297,0.04334793853759765,0.03782462310791015,0.04231809616088867,0.03215141677856445,85,68,7.1,46,NA
2024-10-03,2024-10-04,0.028,0.0369,0.0358909797668457,0.02368827629089355,0.04155639266967773,0.02939296150207519,80,71,7.1,84,NA
2024-10-02,2024-10-03,0.048,0.0466,0.04322465896606445,0.03296279907226562,0.0495809097290039,0.0413734130859375,88,68,6.6,121,NA
2024-10-01,2024-10-02,0.046,0.0441,0.0604910888671875,0.05258703231811523,0.06001582336425781,0.05133186340332031,89,66,3.8,44,NA
2024-09-30,2024-10-01,0.036,0.0422,0.05189180755615234,0.04469808197021485,0.05433512115478516,0.04669324493408203,90,66,4.8,0,NA
