Run_Date,Target_Date,Observed_O3,RF_Pred,AQM_06_Reg,AQM_06_BC,AQM_12_Reg,AQM_12_BC,Met_Temp_F,Met_Dewp_F,Met_WS_kts,Met_WD_deg
2026-06-02,2026-06-03,NA,0.0367,0.0526,0.0398,0.0559,0.0384,80,71,9,91
2026-06-01,2026-06-02,NA,0.0316,0.0418,0.029,0.0429,0.0305,89,73,5.9,243
2026-05-31,2026-06-01,0.038,0.0395,0.0561,0.0484,0.0517,0.0454,89,69,3,283
2026-05-30,2026-05-31,0.032,0.036,0.0496,0.043,0.0508,0.0432,90,72,4.2,206
2026-05-29,2026-05-30,0.043,0.0464,0.0451,0.0321,0.0459,0.0344,89,66,3.9,218
2026-05-28,2026-05-29,0.048,0.0416,0.0405,0.0338,0.0405,0.0294,86,70,4.4,166
2026-05-27,2026-05-28,0.037,0.034,0.0462,0.0346,0.0457,0.0343,85,71.6,7.5,135
2026-05-26,2026-05-27,0.032,0.0337,0.0477,0.0404,0.0439,0.0342,86,70,7.1,150
2026-05-25,2026-05-26,0.038,0.0355,0.0422,0.0324,0.0418,0.0325,85,70,7,164
2026-05-24,2026-05-25,0.035,0.0328,0.0344,0.0214,0.0348,0.0211,79,70,4.9,124
2026-05-23,2026-05-24,0.035,0.0324,0.0429,0.0274,0.0442,0.029,82,70,3.2,189
2026-05-22,2026-05-23,0.025,0.0372,0.045,0.0287,0.0443,0.0283,84,68,3,183
2026-05-21,2026-05-22,0.035,0.0337,0.0477,0.0391,0.0457,0.0341,81,67,6,159
2026-05-20,2026-05-21,0.026,0.0271,0.0426,0.0385,0.0426,0.0378,85,70,8.8,141
2026-05-19,2026-05-20,0.025,0.0279,0.0474,0.0472,0.0483,0.049,85,71,7,143
2026-05-18,2026-05-19,0.029,0.0294,0.0459,0.0479,0.0461,0.0495,84,72,9.8,133
2026-05-17,2026-05-18,0.032,0.0428,0.0485,0.0497,0.0485,0.053,84,68,12.2,127
2026-05-16,2026-05-17,0.052,0.0502,0.0504,0.0506,0.05,0.052,82,64,10.2,133
2026-05-15,2026-05-16,0.06,0.0571,0.0528,0.0485,0.0531,0.0488,82,60,6,144
2026-05-14,2026-05-15,0.059,0.0565,0.0459,0.0366,0.0453,0.0354,81,53,5.8,136
2026-05-13,2026-05-14,0.057,0.0557,0.0496,0.0385,0.0507,0.0391,88,52,4.8,347
2026-05-12,2026-05-13,0.046,0.044,0.0574,0.0494,0.0547,0.0445,86,59,5.3,360
2026-05-11,2026-05-12,0.036,0.0366,0.0495,0.0428,0.0495,0.0415,82,65,6.2,22
2026-05-10,2026-05-11,0.036,0.0411,0.0519,0.0443,0.0525,0.0464,81,66,2.9,19
2026-05-09,2026-05-10,0.046,0.0441,0.0462,0.041,0.0422,0.0341,80,64,4.2,133
2026-05-08,2026-05-09,0.045,0.0433,0.0446,0.0378,0.0456,0.035,73,62.6,5.5,142
2026-05-07,2026-05-08,0.042,0.0366,0.043,0.0393,0.0426,0.0382,72,61,5.9,54
2026-05-06,2026-05-07,0.024,0.0316,0.053900000000000003,0.0512,0.0541,0.0518,80,64,6.5,324
2026-05-05,2026-05-06,0.032,0.0458,0.0569,0.0566,0.0568,0.0569,80,69,7.2,168
2026-05-04,2026-05-05,0.059,0.0568,0.0519,0.0521,0.0525,0.0525,79,56,7.2,161
2026-05-03,2026-05-04,0.062,0.0643,0.05,0.0484,0.0498,0.0458,76,45,4.4,178
2026-05-02,2026-05-03,0.057,0.057,0.0441,0.0408,0.0453,0.0416,76,39,3.4,254
2026-05-01,2026-05-02,0.047,0.0444,0.0411,0.0439,0.0423,0.0439,73,41,9.6,354
2026-04-30,2026-05-01,0.037,0.0348,0.0468,0.0462,0.0494,0.0473,67,54,8.1,17
2026-04-29,2026-04-30,0.034,0.038,0.0544,0.052,0.0546,0.0515,77,66,4.2,29
2026-04-28,2026-04-29,0.046,0.0434,0.0508,0.0543,0.0517,0.0541,82,65,6,173
2026-04-27,2026-04-28,0.046,0.0435,0.0409,0.0432,0.0419,0.0435,82,69,8.3,161
2026-04-26,2026-04-27,0.047,0.0449,0.0462,0.0486,0.0485,0.0505,81,67,9.4,143
2026-04-25,2026-04-26,0.05,0.0512,0.0488,0.0487,0.0488,0.047,80,63,2.5,181
2026-04-24,2026-04-25,0.055,0.0482,0.0454,0.0459,0.0464,0.0469,83,62,6.3,180
2026-04-23,2026-04-24,0.044,0.0442,0.0443,0.0475,0.0443,0.0483,80,63,9,152
2026-04-22,2026-04-23,0.047,0.0491,0.0498,0.0495,0.0497,0.0493,79,59,8.7,126
2026-04-21,2026-04-22,0.056,0.0556,0.0491,0.0476,0.0503,0.0485,79,55,8.4,121
2026-04-20,2026-04-21,0.063,0.0515,0.0469,0.043,0.0474,0.0433,78,46,5.8,121
2026-04-19,2026-04-20,0.055,0.0518,0.0423,0.038,0.0421,0.0373,77,37,4.6,90
2026-04-18,2026-04-19,0.038,0.038,0.0518,0.046,0.0519,0.0453,70,37,9.6,1
2026-04-17,2026-04-18,0.043,0.0439,0.0511,0.0448,0.0515,0.0447,81,63,5.3,182
2026-04-16,2026-04-17,0.046,0.0462,0.0528,0.0438,0.0551,0.0473,81,56,4.3,165
2026-04-15,2026-04-16,0.045,0.044,0.0494,0.0445,0.0498,0.0442,82,64,5.4,167
2026-04-14,2026-04-15,0.046,0.0455,0.051,0.0473,0.0522,0.0458,80,61,8.3,151
2026-04-13,2026-04-14,0.047,0.0465,0.0532,0.0503,0.0543,0.0493,78,59,7.8,148
2026-04-12,2026-04-13,0.047,0.0458,0.0551,0.0567,0.055,0.0554,80,61,9.6,146
2026-04-11,2026-04-12,0.047,0.0445,0.0551,0.0548,0.0558,0.0559,78,57,8.3,128
2026-04-10,2026-04-11,0.055,0.0497,0.05,0.0495,0.0504,0.0501,81,52,4.6,129
2026-04-09,2026-04-10,0.047,0.0395,0.0488,0.0466,0.049,0.0467,75,59,8.1,98
2026-04-08,2026-04-09,0.051,0.0474,0.0471,0.0396,0.0478,0.0402,73,52,10.8,89
2026-04-07,2026-04-08,0.049,0.0373,0.051,0.0427,0.0519,0.0438,73,49,10.3,81
2026-04-06,2026-04-07,0.052,0.04,0.0424,0.0336,0.0418,0.034,76,45,10,53
2026-04-05,2026-04-06,0.033,0.0377,0.0395,0.0332,0.0381,0.0335,75,52,6.8,351
2026-04-04,2026-04-05,0.026,0.03,0.0444,0.0348,0.0442,0.0351,75,52,6.8,351
2026-04-03,2026-04-04,0.036,0.037,0.0481,0.0421,0.049,0.0424,77,69,8.9,137
2026-04-02,2026-04-03,0.038,0.0377,0.0495,0.0455,0.0495,0.0453,77,67,8.5,130
2026-04-01,2026-04-02,0.04,0.036,0.045,0.0413,0.0459,0.0424,76,67,9.8,134
2026-03-31,2026-04-01,0.037,0.0379,0.0486,0.0433,0.0485,0.0436,78,66.2,10.8,139
2026-03-30,2026-03-31,0.042,0.0372,0.0489,0.0542,0.0483,0.0534,79,66.2,10.9,128
2026-03-29,2026-03-30,0.041,0.0415,0.0483,0.0483,0.0484,0.0488,76,55.4,10.4,109
2026-03-28,2026-03-29,0.042,0.0431,0.0495,0.0494,0.0497,0.0494,72,36,11.6,99
2026-03-27,2026-03-28,0.041,0.041,0.054,0.0518,0.053,0.0482,77,34,9.6,7
2026-03-26,2026-03-27,0.049,0.0489,0.0482,0.0402,0.0488,0.0426,81,60,3.5,217
2026-03-25,2026-03-26,0.047,0.0441,0.0501,0.0461,0.0503,0.0455,77,63,5.1,152
2026-03-24,2026-03-25,0.042,0.0443,0.0583,0.0554,0.058,0.0556,74,55,6.3,131
2026-03-23,2026-03-24,0.053,0.053,0.0494,0.0461,0.0496,0.048,80,45,3.9,45
2026-03-22,2026-03-23,0.046,0.0466,0.052,0.0491,0.0519,0.0485,78,60,6.3,247
2026-03-21,2026-03-22,0.05,0.0567,0.0583,0.0573,0.0588,0.0575,76,49,4.3,200
2026-03-20,2026-03-21,0.058,0.0397,0.0556,0.0572,0.056,0.0567,75,55,7.3,233
2026-03-19,2026-03-20,0.057,0.0495,0.0543,0.0533,0.0544,0.0527,72,49,4.5,245
2026-03-18,2026-03-19,0.056,0.0521,0.0479,0.0436,0.0485,0.0439,69,40,5,225
2026-03-17,2026-03-18,0.051,0.0492,0.0452,0.0418,0.045,0.0413,57,13,4.9,344
2026-03-16,2026-03-17,0.046,0.0463,0.0425,0.0361,0.0422,0.0356,57,13,4.9,344
2026-03-15,2026-03-16,0.043,0.0432,0.0494,0.0369,0.0499,0.0364,74,20,13.7,324
2026-03-14,2026-03-15,0.042,0.0429,0.0554,0.0473,0.0547,0.0456,77,61,9.5,158
2026-03-13,2026-03-14,0.051,0.05,0.0559,0.045,0.0556,0.0445,72,45,5.7,137
2026-03-12,2026-03-13,0.047,0.0442,0.0483,0.0405,0.0482,0.0394,67,37,3,138
2026-03-11,2026-03-12,0.038,0.0341,0.0456,0.0285,0.0449,0.0295,65,33,9.4,349
2026-03-10,2026-03-11,NA,0.0327,0.0479,0.0316,0.0479,0.0293,80,60,10.8,158
2026-03-09,2026-03-10,0.023,0.0269,0.046,0.0283,0.0463,0.0271,80,69,7.6,156
2026-03-08,2026-03-09,0.031,0.0367,0.0413,0.0261,0.0456,0.0323,78,62,6.2,150
2026-03-07,2026-03-08,0.033,0.0329,0.0434,0.0247,0.0435,0.0263,75,63,4.2,34
2026-03-06,2026-03-07,0.028,0.0291,0.0442,0.0283,0.0441,0.0281,79,70,10.8,134
2026-03-05,2026-03-06,0.031,0.031,0.0453,0.0321,0.0444,0.0317,78,68,12.3,126
2026-03-04,2026-03-05,0.028,0.0315,0.0483,0.0352,0.0481,0.0348,75,64.4,10.2,117
2026-03-03,2026-03-04,0.036,0.0384,0.0487,0.0346,0.0482,0.0347,72,62,6.3,115
2026-03-02,2026-03-03,0.038,0.039,0.0533,0.042,0.0534,0.0425,72,62,7.9,115
2026-03-01,2026-03-02,0.04,0.0367,0.0546,0.0467,0.0542,0.0473,71,54,5.6,107
2026-02-28,2026-03-01,0.042,0.0511,0.054,0.044,0.0543,0.0456,74,51,2.8,140
2026-02-27,2026-02-28,0.046,0.0475,0.0489,0.0476,0.0461,0.0464,74,51,2.8,140
2026-02-26,2026-02-27,0.038,0.0534,0.0464,0.0458,0.0458,0.0437,78,56,3.5,124
2026-02-25,2026-02-26,NA,0.0506,0.0488,0.048,0.0484,0.0487,73,60,5,188
2026-02-24,2026-02-25,NA,0.0573,0.0474,0.0484,0.0474,0.0479,71,48,6.5,181
2026-02-23,2026-02-24,NA,0.0586,0.0415,0.0413,0.0415,0.0418,56,20,4.9,167
2026-02-22,2026-02-23,NA,0.047,0.0411,0.041,0.0411,0.0412,57,14,10.3,336
2026-02-21,2026-02-22,NA,0.0436,0.0467,0.0444,0.0475,0.0454,63,14,14.4,337
2026-02-20,2026-02-21,NA,0.0471,0.0435,0.0429,0.0434,0.0412,82,51,7.1,236
2026-02-19,2026-02-20,NA,0.046,0.0465,0.0445,0.0466,0.044,80,66,4.9,192
2026-02-18,2026-02-19,NA,0.0428,0.0485,0.0496,0.0474,0.0476,75,66,6.6,189
2026-02-17,2026-02-18,NA,0.0461,0.0458,0.0447,0.0455,0.043,75,60,6,176
2026-02-16,2026-02-17,NA,0.0513,0.0477,0.0481,0.0493,0.0486,69,46,7.9,127
2026-02-15,2026-02-16,NA,0.0511,0.043,0.0393,0.0434,0.0385,60,50,4.4,7
2026-02-14,2026-02-15,NA,0.0455,0.0476,0.0456,0.0484,0.0473,75,51,11.6,280
2025-10-30,2025-10-31,0.055,0.0553,0.0457,0.0436,0.0454,0.0429,67,41,1.7,288
2025-10-29,2025-10-30,0.047,0.0464,0.0487,0.0404,0.0487,0.0406,66,44,7.1,310
2025-10-28,2025-10-29,0.044,0.0441,0.0488,0.0464,0.0482,0.0462,71,39,11,289
2025-10-27,2025-10-28,0.043,0.0438,0.0466,0.0433,0.0465,0.0439,77,57,6.1,60
2025-10-26,2025-10-27,0.038,0.0392,0.0552,0.0558,0.0553,0.0575,79,59,5.3,335
2025-10-25,2025-10-26,0.043,0.0413,0.0472,0.0426,0.0471,0.042,78,68,7.8,143
2025-10-24,2025-10-25,0.049,0.0479,0.0528,0.0517,0.0533,0.0513,78,56,10.5,107
2025-10-23,2025-10-24,0.055,0.054,0.0512,0.0478,0.0513,0.0485,82,44,5.4,99
2025-10-22,2025-10-23,0.052,0.052,0.0445,0.0406,0.0441,0.0403,78,40,3.1,122
2025-10-21,2025-10-22,0.042,0.0434,0.0533,0.0528,0.0523,0.0498,80,37,5.6,4
2025-10-20,2025-10-21,0.052,0.0533,0.0523,0.053900000000000003,0.0521,0.0533,81,57,3.4,176
2025-10-19,2025-10-20,0.047,0.0489,0.051,0.0473,0.0505,0.0464,75,44,5.6,105
2025-10-18,2025-10-19,0.044,0.0452,0.0514,0.0512,0.0518,0.0484,87,45,6.5,323
2025-10-17,2025-10-18,0.048,0.0451,0.0544,0.0527,0.0571,0.0548,85,69,10,149
2025-10-16,2025-10-17,0.054,0.0551,0.064,0.0658,0.0643,0.0652,83,61,5.2,127
2025-10-15,2025-10-16,0.065,0.065,0.0617,0.0609,0.0635,0.0627,86,60,1.9,171
2025-10-14,2025-10-15,0.066,0.0635,0.0535,0.0491,0.0538,0.0483,87,54,4.2,106
2025-10-13,2025-10-14,0.057,0.0603,0.0589,0.0561,0.0588,0.0537,86,52,3.2,5
2025-10-12,2025-10-13,0.062,0.063,0.0589,0.0496,0.0593,0.0522,85,49,1.7,249
2025-10-11,2025-10-12,0.061,0.0582,0.0456,0.0392,0.0453,0.0376,82,49,2.4,300
2025-10-10,2025-10-11,0.043,0.0419,0.0468,0.0385,0.0468,0.037,83,54,5.5,7
2025-10-09,2025-10-10,0.041,0.0412,0.0494,0.0423,0.0491,0.0406,84,57,7.1,28
2025-10-08,2025-10-09,0.039,0.0409,0.0443,0.0383,0.0526,0.0428,89,56,7.2,10
2025-10-07,2025-10-08,0.033,0.0353,0.0456,0.0343,0.0461,0.0354,89,69,4.3,7
2025-10-06,2025-10-07,0.033,0.0321,0.0469,0.0408,0.0483,0.0409,85,73,4.5,114
2025-10-05,2025-10-06,0.032,0.0331,0.0477,0.0441,0.046,0.0415,86,73,9.4,119
2025-10-04,2025-10-05,0.04,0.0385,0.0407,0.033,0.0414,0.0331,79,65,10.7,85
2025-10-03,2025-10-04,0.036,0.0375,0.0448,0.0371,0.0458,0.0386,81,60,9,56
2025-10-02,2025-10-03,0.041,0.0417,0.0549,0.0471,0.0545,0.0458,84,55,7.8,65
2025-10-01,2025-10-02,0.049,0.0459,0.053,0.0477,0.0542,0.0517,86,60,7.8,94
2025-09-30,2025-10-01,0.043,0.0512,0.0509,0.0458,0.0516,0.0468,87,65,3.5,117
2025-09-29,2025-09-30,0.043,0.0466,0.055,0.0512,0.0544,0.0515,91,61,3.8,17
2025-09-28,2025-09-29,0.051,0.0524,0.0617,0.0526,0.0623,0.0532,91,63,4,66
2025-09-27,2025-09-28,0.052,0.0519,0.05,0.0441,0.0515,0.0431,91,59,4.3,13
2025-09-26,2025-09-27,0.043,0.0514,0.0517,0.0473,0.0517,0.048,90,61,4.3,357
2025-09-25,2025-09-26,0.046,0.0422,0.0514,0.0499,0.0495,0.0435,87,64,4,330
2025-09-24,2025-09-25,0.036,0.0349,0.0427,0.0377,0.0433,0.0374,85,72,2.3,274
2025-09-23,2025-09-24,0.033,0.0347,0.0452,0.0411,0.0459,0.041,89,73,4.1,199
2025-09-22,2025-09-23,0.042,0.0423,0.0471,0.0474,0.0473,0.0475,89,69,5,161
2025-09-21,2025-09-22,0.043,0.042,0.0574,0.06,0.0595,0.0628,89,70,6.8,137
2025-09-20,2025-09-21,0.063,0.058,0.0555,0.0552,0.0559,0.0547,91,67,4.8,149
2025-09-19,2025-09-20,0.059,0.0571,0.0586,0.062,0.0589,0.06,91,66,1.7,181
2025-09-18,2025-09-19,0.056,0.0587,0.0563,0.0619,0.0557,0.0596,92,55,2.9,173
2025-09-17,2025-09-18,0.059,0.0602,0.0575,0.0579,0.0576,0.0572,90,61,2.8,147
2025-09-16,2025-09-17,0.062,0.0613,0.0607,0.0621,0.0604,0.0632,90,62,3.6,145
2025-09-15,2025-09-16,0.066,0.0626,0.0616,0.0608,0.063,0.0633,88,65,2.3,156
2025-09-14,2025-09-15,0.063,0.0621,0.0611,0.0597,0.0617,0.0597,91,61,3,165
2025-09-13,2025-09-14,0.062,0.0627,0.0613,0.0549,0.0651,0.06,90,61,2.4,174
2025-09-12,2025-09-13,0.067,0.0546,0.0666,0.0586,0.0667,0.0576,89,69,3.8,139
2025-09-11,2025-09-12,0.069,0.0667,0.0722,0.0609,0.0728,0.0599,92,63,2.3,198
2025-09-10,2025-09-11,0.062,0.058,0.056,0.05,0.055,0.0482,91,61,2.7,59
2025-09-09,2025-09-10,0.052,0.0468,0.0533,0.048,0.0524,0.0467,87,65,4.3,115
2025-09-08,2025-09-09,0.046,0.0468,0.0479,0.042,0.0481,0.0432,87,60,6,101
2025-09-07,2025-09-08,0.044,0.0434,0.0456,0.0423,0.0462,0.0423,88,52,6.3,3
2025-09-06,2025-09-07,0.04,0.0434,0.0516,0.044,0.0515,0.0439,89,56,8.2,4
2025-09-05,2025-09-06,0.045,0.046,0.0482,0.0424,0.0502,0.0434,92,68,2.6,348
2025-09-04,2025-09-05,0.039,0.0466,0.0551,0.0481,0.0548,0.0456,90,69,3.7,158
2025-09-03,2025-09-04,0.048,0.0499,0.0594,0.0527,0.0601,0.0514,89,63,4,184
2025-09-02,2025-09-03,0.056,0.0557,0.0546,0.0449,0.055,0.0445,88,62,3,144
2025-09-01,2025-09-02,0.052,0.0488,0.0504,0.0408,0.05,0.0402,86,62,4.9,101
2025-08-31,2025-09-01,0.045,0.0438,0.0495,0.037,0.0494,0.0373,87,66,6.8,107
2025-08-30,2025-08-31,0.044,0.0425,0.0507,0.0404,0.0504,0.0396,88,69,4.9,71
2025-08-29,2025-08-30,0.032,0.0343,0.0569,0.0608,0.0555,0.0577,86,70,4.7,357
2025-08-28,2025-08-29,0.034,0.0457,0.0598,0.0545,0.0623,0.0554,80,69,3.1,31
2025-08-27,2025-08-28,0.056,0.0497,0.0585,0.0523,0.0594,0.0505,89,69,4.1,136
2025-08-26,2025-08-27,0.06,0.0581,0.0565,0.0449,0.0577,0.0474,89,64,3.2,64
2025-08-25,2025-08-26,0.055,0.0548,0.062,0.0455,0.0639,0.0498,91,62,3.6,62
2025-08-24,2025-08-25,0.053,0.0517,0.0534,0.0426,0.055,0.0454,91,70,4.3,79
2025-08-23,2025-08-24,0.046,0.0494,0.0543,0.0407,0.0531,0.0418,94,67,3.5,326
2025-08-22,2025-08-23,0.059,0.055,0.0582,0.0435,0.0545,0.0399,90,72,2.3,219
2025-08-21,2025-08-22,0.044,0.0482,0.0555,0.0395,0.0551,0.0383,89,70,2.7,339
2025-08-20,2025-08-21,0.046,0.0459,0.0554,0.0368,0.0528,0.034,92,72,3.3,356
2025-08-19,2025-08-20,0.049,0.0469,0.0623,0.0396,0.0631,0.0379,91,73,2.9,133
2025-08-18,2025-08-19,0.054,0.0494,0.0641,0.0395,0.0659,0.041,95,71,3.8,98
2025-08-17,2025-08-18,0.044,0.0413,0.0664,0.0441,0.0663,0.0421,93,73,3.8,134
2025-08-16,2025-08-17,0.032,0.0374,0.0505,0.0308,0.0564,0.037,95,71.6,2.1,1
2025-08-15,2025-08-16,0.033,0.0347,0.0532,0.0343,0.0538,0.0361,93,70,3.8,320
2025-08-14,2025-08-15,0.029,0.0372,0.0511,0.0326,0.052,0.0323,92,71,3,281
2025-08-13,2025-08-14,0.034,0.0396,0.0566,0.0377,0.0574,0.0384,93,69,4.6,237
2025-08-12,2025-08-13,0.042,0.0367,0.0433,0.0282,0.0448,0.0253,90,74,3.6,201
2025-08-11,2025-08-12,0.026,0.0262,0.0469,0.0325,0.0495,0.0357,83,75,3,58
2025-08-10,2025-08-11,0.023,0.0262,0.0467,0.0352,0.0463,0.0354,89,73,5.1,59
2025-08-09,2025-08-10,0.032,0.0323,0.0548,0.0423,0.0546,0.0405,89,72,6.4,93
2025-08-08,2025-08-09,0.035,0.0376,0.051,0.0416,0.0497,0.038,88,69,5.1,51
2025-08-07,2025-08-08,0.04,0.0401,0.0553,0.0427,0.0551,0.0417,91,70,5.4,93
2025-08-06,2025-08-07,0.041,0.0398,0.0584,0.0462,0.058,0.0434,89,74,2.1,75
2025-08-05,2025-08-06,0.043,0.0384,0.0522,0.0453,0.0563,0.0457,89,72,2.6,105
2025-08-04,2025-08-05,0.042,0.0403,0.0466,0.0401,0.052,0.0445,88,72,3.9,63
2025-08-03,2025-08-04,0.041,0.0428,0.0434,0.0353,0.0455,0.0374,88,70,3.9,51
2025-08-02,2025-08-03,0.035,0.0385,0.0602,0.0528,0.0577,0.0512,92,70,5.3,339
2025-08-01,2025-08-02,0.042,0.0438,0.0567,0.0436,0.0546,0.043,89,73,3.4,16
2025-07-31,2025-08-01,0.062,0.0584,0.0538,0.0368,0.0568,0.0377,93,73,3.6,221
2025-07-30,2025-07-31,0.065,0.0605,0.052,0.0329,0.0579,0.0368,92,68,3.1,214
2025-07-29,2025-07-30,0.045,0.0449,0.0531,0.033,0.0519,0.0328,92,70,4.1,258
2025-07-28,2025-07-29,0.034,0.0391,0.0482,0.0345,0.0472,0.0332,99,72,5.4,324
2025-07-27,2025-07-28,0.026,0.0307,0.0407,0.0253,0.0415,0.0249,98,71,5.6,328
2025-07-26,2025-07-27,0.022,0.0291,0.0373,0.0224,0.0375,0.0213,92,74,1.9,168
2025-07-25,2025-07-26,0.026,0.0269,0.0365,0.0245,0.0364,0.0225,91,76,5.5,156
2025-07-24,2025-07-25,0.03,0.0315,0.0497,0.0349,0.0526,0.0364,90,73,7.8,155
2025-07-23,2025-07-24,0.046,0.0433,0.0498,0.034,0.0509,0.037,88,75,6.9,119
2025-07-22,2025-07-23,0.024,0.0288,0.0474,0.0358,0.0487,0.0348,97,72,3.8,354
2025-07-21,2025-07-22,0.032,0.0329,0.0506,0.0367,0.0518,0.036,97,74,4,294
2025-07-20,2025-07-21,0.032,0.0325,0.044,0.03,0.0443,0.0296,94,72,3.3,238
2025-07-19,2025-07-20,0.027,0.0288,0.0396,0.0262,0.0405,0.0259,93,72,3.4,193
2025-07-18,2025-07-19,0.028,0.0306,0.0459,0.0324,0.0453,0.0316,90,73,3.6,191
2025-07-17,2025-07-18,0.037,0.0366,0.0496,0.0368,0.0488,0.0365,88,75,5.3,190
2025-07-16,2025-07-17,0.043,0.0417,0.0483,0.0348,0.0502,0.0381,88,74,8.4,123
2025-07-15,2025-07-16,0.032,0.0352,0.0531,0.0445,0.0541,0.0419,95,73,4.7,321
2025-07-14,2025-07-15,0.035,0.0364,0.0472,0.0338,0.0478,0.0337,96,71,3.8,312
2025-07-13,2025-07-14,0.039,0.0363,0.0378,0.0264,0.0385,0.0246,92,72,2.1,236
2025-07-12,2025-07-13,0.027,0.0291,0.0418,0.0297,0.0431,0.0282,92,73.4,3.2,208
2025-07-11,2025-07-12,0.03,0.0415,0.0514,0.0371,0.0516,0.0382,92,69,3.1,170
2025-07-10,2025-07-11,0.034,0.0344,0.0471,0.0356,0.0459,0.0319,90,70,3.2,237
2025-07-09,2025-07-10,0.031,0.0338,0.0502,0.0434,0.053900000000000003,0.0448,90,71,3.2,278
2025-07-08,2025-07-09,0.035,0.0394,0.054,0.0451,0.0574,0.0487,90,69,2.8,271
2025-07-07,2025-07-08,0.044,0.0444,0.0571,0.0461,0.056,0.0455,91,72,3.5,231
2025-07-06,2025-07-07,0.048,0.0476,0.057,0.0472,0.0574,0.0476,91,71,3.7,192
2025-07-05,2025-07-06,0.049,0.0489,0.0616,0.0536,0.0654,0.0562,91,69,2.5,176
2025-07-04,2025-07-05,0.042,0.0464,0.0527,0.0472,0.0546,0.0483,93,69,3.7,25
2025-07-03,2025-07-04,0.049,0.0527,0.048,0.0444,0.0509,0.0452,94,65,4,356
2025-07-02,2025-07-03,0.047,0.0515,0.0413,0.0311,0.0413,0.0307,94,65,3.4,342
2025-07-01,2025-07-02,0.045,0.0334,0.0443,0.0335,0.0445,0.032,91,72,3.6,275
2025-06-30,2025-07-01,0.03,0.0314,0.038,0.0306,0.0406,0.0344,92,70,5.2,283
2025-06-29,2025-06-30,0.027,0.0296,0.0452,0.0388,0.0442,0.0358,91,70,3.4,254
2025-06-28,2025-06-29,0.026,0.0386,0.0427,0.036,0.0457,0.0391,89,72,2.9,238
2025-06-27,2025-06-28,0.041,0.0404,0.0462,0.0357,0.0476,0.0373,88,71,1.9,170
2025-06-26,2025-06-27,0.05,0.0469,0.0585,0.0472,0.0575,0.0491,89,71,2.9,149
2025-06-25,2025-06-26,0.05,0.0495,0.0497,0.0372,0.0506,0.0382,91,69,4.2,112
2025-06-24,2025-06-25,0.045,0.042,0.0455,0.0363,0.046,0.037,94,70,4.1,104
2025-06-23,2025-06-24,0.032,0.0399,0.0566,0.0427,0.0552,0.0433,91,71,5.5,112
2025-06-22,2025-06-23,0.048,0.0466,0.0456,0.0332,0.0426,0.0301,91,69,3.4,86
2025-06-21,2025-06-22,0.039,0.0405,0.0518,0.0372,0.0516,0.0362,91,67,3.3,115
2025-06-20,2025-06-21,0.035,0.039,0.0566,0.0446,0.058,0.0455,92,69,4.2,86
2025-06-19,2025-06-20,0.039,0.0362,0.0458,0.0356,0.0459,0.0355,92,72,3.6,247
2025-06-18,2025-06-19,0.032,0.0322,0.0387,0.026,0.039,0.0255,92,72,3.3,217
2025-06-17,2025-06-18,0.032,0.0294,0.0366,0.0255,0.0366,0.0266,89,74,4.9,175
2025-06-16,2025-06-17,0.027,0.0281,0.0391,0.0267,0.0391,0.0261,87,71.6,3.5,193
2025-06-15,2025-06-16,0.027,0.0289,0.0413,0.0286,0.043,0.0327,89,72,3.2,192
2025-06-14,2025-06-15,0.031,0.0323,0.0409,0.0286,0.0411,0.0294,89,70,3,180
2025-06-13,2025-06-14,0.026,0.0299,0.0389,0.0269,0.039,0.0279,90,67,4.3,208
2025-06-12,2025-06-13,0.028,0.0295,0.0348,0.0224,0.0348,0.0225,87,69,4.5,178
2025-06-11,2025-06-12,0.021,0.0265,0.0483,0.0351,0.0471,0.0342,89,71,6.6,149
2025-06-10,2025-06-11,0.043,0.0396,0.0549,0.0465,0.0533,0.0412,89,69,4.3,145
2025-06-09,2025-06-10,0.034,0.0349,0.041,0.0304,0.0437,0.0325,88,67,3.8,254
2025-06-08,2025-06-09,0.029,0.0322,0.0456,0.0331,0.0469,0.0348,89,68,6.3,227
2025-06-07,2025-06-08,0.034,0.0338,0.0487,0.0378,0.0485,0.0372,92,73,4.8,236
2025-06-06,2025-06-07,0.035,0.0331,0.0448,0.0344,0.0459,0.0368,91,74,5.3,214
2025-06-05,2025-06-06,0.032,0.0339,0.0559,0.048,0.0549,0.0458,90,73,5,207
2025-06-04,2025-06-05,0.039,0.0387,0.0558,0.055,0.0558,0.0555,89,71,2.6,182
2025-06-03,2025-06-04,0.041,0.0401,0.0518,0.0496,0.0509,0.0476,86,70,6.7,123
2025-06-02,2025-06-03,0.056,0.0527,0.061,0.0542,0.0628,0.0572,87,63,8.3,109
2025-06-01,2025-06-02,0.059,0.0546,0.0573,0.0414,0.0586,0.0416,86,65,3,155
2025-05-31,2025-06-01,0.06,0.0599,0.0497,0.0395,0.0499,0.0385,85,57,2.7,205
2025-05-30,2025-05-31,0.053,0.0444,0.0481,0.0338,0.047,0.0323,84,55,4.6,345
2025-05-29,2025-05-30,0.041,0.038,0.0536,0.0359,0.0535,0.0375,90,67,5.8,312
2025-05-28,2025-05-29,0.037,0.0364,0.0475,0.0319,0.0484,0.0295,84,68,3.4,119
2025-05-27,2025-05-28,0.033,0.0324,0.0461,0.0272,0.0488,0.0336,88,69,4.5,186
2025-05-26,2025-05-27,0.026,0.027,0.0418,0.0251,0.0411,0.024,86,71,6.2,177
2025-05-25,2025-05-26,0.026,0.0283,0.0423,0.0249,0.0428,0.0258,87,67,6.7,155
2025-05-24,2025-05-25,0.025,0.031,0.0423,0.0241,0.0425,0.0239,90,67,5,166
2025-05-23,2025-05-24,0.033,0.0352,0.0595,0.0456,0.0585,0.0431,88,66,5,189
2025-05-22,2025-05-23,0.034,0.0406,0.0634,0.0489,0.0594,0.0437,87,66,4.4,163
2025-05-21,2025-05-22,0.053,0.0443,0.0465,0.0325,0.0502,0.0379,88,55,4.8,137
2025-05-20,2025-05-21,0.031,0.0341,0.0475,0.0306,0.0475,0.0306,81,61,3.6,342
2025-05-19,2025-05-20,0.033,0.0309,0.0459,0.0337,0.0456,0.0315,87,73,8.9,178
2025-05-18,2025-05-19,0.026,0.0281,0.0501,0.0365,0.0503,0.0359,86,72,7.6,165
2025-05-17,2025-05-18,0.031,0.031,0.0506,0.037,0.0516,0.0357,85,72,6,174
2025-05-16,2025-05-17,0.033,0.0319,0.0496,0.0381,0.0499,0.0377,86,73,6.4,191
2025-05-15,2025-05-16,0.031,0.0299,0.0572,0.0524,0.0572,0.0533,86,73.4,8.2,185
2025-05-14,2025-05-15,0.028,0.0314,0.0554,0.0475,0.0556,0.0489,85,72,7.2,185
2025-05-13,2025-05-14,0.059,0.0527,0.0607,0.0533,0.061,0.0546,83,67,8.2,187
2025-05-12,2025-05-13,0.059,0.0488,0.0569,0.0503,0.0554,0.0483,81,59,5.1,199
2025-05-11,2025-05-12,0.055,0.0505,0.0525,0.0498,0.0508,0.0475,76,56,4.2,207
2025-05-10,2025-05-11,0.047,0.0457,0.048,0.0476,0.0481,0.0456,77,60,3.4,217
2025-05-09,2025-05-10,0.033,0.0378,0.0418,0.0371,0.0472,0.0417,74,62,4,306
2025-05-08,2025-05-09,0.039,0.039,0.0486,0.0432,0.0513,0.0439,73,64,5.6,25
2025-05-07,2025-05-08,0.046,0.042,0.0455,0.0404,0.0512,0.0469,82,63,3,157
2025-05-06,2025-05-07,0.039,0.0395,0.0546,0.0515,0.0531,0.0499,76,65,5.7,82
2025-05-05,2025-05-06,0.046,0.0462,0.0494,0.0487,0.0489,0.0497,80,62,12.3,111
2025-05-04,2025-05-05,0.051,0.0517,0.0467,0.0473,0.0446,0.0458,78,49,3.3,119
2025-05-03,2025-05-04,0.044,0.0477,0.0467,0.0452,0.048,0.0476,79,47,4.3,319
2025-05-02,2025-05-03,0.047,0.0431,0.0473,0.0429,0.0472,0.0426,78,61,4.8,279
2025-05-01,2025-05-02,0.044,0.0416,0.0501,0.0447,0.0502,0.0447,83,66,6.6,168
2025-04-30,2025-05-01,0.045,0.0444,0.0511,0.0486,0.0512,0.0505,82,59,6.4,153
2025-04-29,2025-04-30,0.044,0.043,0.0473,0.0457,0.0472,0.0502,84,66,8.4,155
2025-04-28,2025-04-29,0.044,0.0408,0.0466,0.0407,0.0465,0.0387,84,66,6.9,145
2025-04-27,2025-04-28,0.035,0.0381,0.0501,0.0454,0.0505,0.0453,84,65,4.3,155
2025-04-26,2025-04-27,0.044,0.046,0.0504,0.0435,0.0507,0.0434,86,64,2.9,181
2025-04-25,2025-04-26,0.045,0.0452,0.0506,0.0449,0.0505,0.0457,85,65,3,182
2025-04-24,2025-04-25,0.043,0.0412,0.0439,0.0392,0.0444,0.04,82,66,7,161
2025-04-23,2025-04-24,0.036,0.0368,0.0456,0.0405,0.0462,0.0392,82,67,8.2,135
2025-04-22,2025-04-23,0.04,0.0388,0.0479,0.0475,0.0487,0.0464,82,67,7.4,153
2025-04-21,2025-04-22,0.038,0.038,0.0474,0.0451,0.0479,0.0475,82,67,5.7,159
2025-04-20,2025-04-21,0.04,0.0407,0.0479,0.0503,0.0485,0.0503,79,66,8.4,148
2025-04-19,2025-04-20,0.043,0.0438,0.0531,0.0563,0.0531,0.0569,81,67,13.9,132
2025-04-18,2025-04-19,0.053,0.0486,0.0546,0.0594,0.0545,0.0598,80,67,11.6,127
2025-04-17,2025-04-18,0.054,0.0518,0.0509,0.057,0.0517,0.0577,80,63,10.9,147
2025-04-16,2025-04-17,0.058,0.0566,0.0499,0.0583,0.0499,0.0555,77,50,6.1,151
2025-04-15,2025-04-16,0.057,0.0531,0.0432,0.0456,0.0438,0.0468,75,35,5.2,95
2025-04-14,2025-04-15,0.049,0.0489,0.0525,0.0533,0.053,0.0544,82,39,6,332
2025-04-13,2025-04-14,0.056,0.0567,0.0486,0.0512,0.0511,0.0545,78,55,5,196
2025-04-12,2025-04-13,0.061,0.0615,0.0455,0.0524,0.0457,0.0523,76,47,5,158
2025-04-11,2025-04-12,0.047,0.0573,0.0463,0.0473,0.0469,0.0507,77,40,4,338
2025-04-10,2025-04-11,0.051,0.0546,0.0602,0.0563,0.0592,0.0549,80,35,8,321
2025-04-09,2025-04-10,0.067,0.0657,0.0475,0.0413,0.0472,0.0407,77,51,4.6,221
2025-04-08,2025-04-09,0.059,0.0591,0.0445,0.0381,0.0444,0.0386,72,39,3.1,234
2025-04-07,2025-04-08,0.05,0.0481,0.0422,0.0365,0.0421,0.0366,74,37,5.6,323
2025-04-06,2025-04-07,0.032,0.0341,0.0461,0.0396,0.0439,0.0374,59,44,9.5,323
2025-04-05,2025-04-06,0.034,0.0343,0.0426,0.0342,0.0427,0.034,72,71,9,203
2025-04-04,2025-04-05,0.039,0.0302,0.0393,0.0271,0.0388,0.027,75,72,15,144
2025-04-03,2025-04-04,0.029,0.0295,0.0406,0.0265,0.0408,0.0266,73,70,13.9,128
2025-04-02,2025-04-03,0.028,0.0292,0.046,0.0384,0.0458,0.0407,78,72,13.8,140
2025-04-01,2025-04-02,0.025,0.0335,0.0481,0.0428,0.0461,0.0405,77,71,15,142
2025-03-31,2025-04-01,0.038,0.0401,0.047,0.0468,0.0448,0.0404,73,62,9.6,113
2025-03-30,2025-03-31,0.043,0.0426,0.0491,0.046,0.0498,0.0467,79,61,5,224
2025-03-29,2025-03-30,0.037,0.0418,0.0468,0.0501,0.0483,0.0494,74,68,7.4,154
2025-03-28,2025-03-29,0.048,0.0469,0.0519,0.0511,0.0515,0.05,77,66,14.2,130
2025-03-27,2025-03-28,0.053,0.0505,0.0525,0.0512,0.0525,0.0503,76,62,13.8,120
2025-03-23,2025-03-24,0.052,0.0499,0.0502,0.0492,0.0505,0.0485,69,56,3.8,136
2025-03-22,2025-03-23,0.048,0.0477,0.0528,0.0555,0.0534,0.0562,74,53,7.2,154
2025-03-21,2025-03-22,0.054,0.0555,0.0465,0.0504,0.0467,0.0498,73,45,4.2,179
2025-03-20,2025-03-21,0.052,0.051,0.0439,0.0425,0.044,0.0424,62,25,3.7,158
2025-03-19,2025-03-20,0.043,0.0432,0.0487,0.0388,0.0488,0.0378,69,30,12.1,314
2025-03-18,2025-03-19,0.048,0.0499,0.0545,0.0502,0.0565,0.0515,77,57,8.7,180
2025-03-17,2025-03-18,0.057,0.0581,0.045,0.0418,0.0453,0.0404,70,41,5,159
2025-03-16,2025-03-17,0.046,0.0485,0.0483,0.042,0.0486,0.0422,74,22,3.9,323
2025-03-15,2025-03-16,0.046,0.0435,0.0464,0.0473,0.0465,0.0469,73,28,10.3,298
2025-03-14,2025-03-15,0.034,0.0383,0.057,0.0476,0.0565,0.0471,77,67,13.5,157
2025-03-13,2025-03-14,0.04,0.0418,0.06,0.0565,0.0607,0.0569,76,66,11,139
2025-03-12,2025-03-13,0.051,0.0515,0.0572,0.0502,0.0575,0.0515,76,62,6.7,176
2025-03-11,2025-03-12,0.059,0.06,0.0551,0.0508,0.0546,0.05,72,47,5.1,170
2025-03-10,2025-03-11,0.062,0.0587,0.0497,0.0472,0.05,0.0464,72,37,3.9,193
2025-03-09,2025-03-10,0.046,0.044,0.0465,0.0447,0.0446,0.043,73,43,8.1,313
2025-03-08,2025-03-09,0.029,0.0313,0.0433,0.0403,0.0447,0.0417,69,54,6.3,1
2025-03-07,2025-03-08,0.041,0.0426,0.0562,0.0508,0.0563,0.0517,77,63,6.9,100
2025-03-06,2025-03-07,0.051,0.056,0.0463,0.0507,0.0466,0.0498,69,43,5,143
2025-03-05,2025-03-06,0.046,0.0475,0.0472,0.0541,0.0473,0.0535,67,24,4.5,300
2025-03-04,2025-03-05,0.043,0.0427,0.0512,0.0531,0.0513,0.0534,69,28,10.3,288
2025-03-03,2025-03-04,0.049,0.0483,0.0495,0.0565,0.0491,0.056,72,54,12.5,137
2025-03-02,2025-03-03,0.05,0.0496,0.0421,0.0464,0.0416,0.0482,68,28,9,107
2025-03-01,2025-03-02,0.043,0.047,0.0515,0.0546,0.0506,0.0554,70,24,5,19
2025-02-28,2025-03-01,0.055,0.0407,0.0526,0.0464,0.053,0.0462,81,28,5.1,309
2024-10-30,2024-10-31,0.039,0.0364,0.0473,0.0405,0.0477,0.0418,84,72,10.7,131
2024-10-29,2024-10-30,0.042,0.0422,0.0526,0.0534,0.0527,0.0531,84,61,10.1,107
2024-10-28,2024-10-29,0.046,0.0457,0.0597,0.058,0.0594,0.0584,82,66,8.9,112
2024-10-27,2024-10-28,0.058,0.0597,0.0558,0.0515,0.0558,0.0528,85,57,3.7,125
2024-10-26,2024-10-27,0.067,0.0628,0.0605,0.0572,0.061,0.0582,85,55,2.8,179
2024-10-25,2024-10-26,0.058,0.06,0.0609,0.056,0.0605,0.0559,87,57,2.3,137
2024-10-24,2024-10-25,0.057,0.0575,0.0626,0.0579,0.0623,0.0577,84,57,1.7,158
2024-10-23,2024-10-24,0.06,0.0571,0.0568,0.0531,0.0564,0.0521,87,56,3.2,280
2024-10-22,2024-10-23,0.051,0.0515,0.0517,0.0454,0.0528,0.0466,85,56,2,63
2024-10-21,2024-10-22,0.046,0.0499,0.0599,0.0587,0.0603,0.0578,81,49,2.2,138
2024-10-20,2024-10-21,0.051,0.0566,0.0499,0.0466,0.0484,0.0461,80,44,2.5,103
2024-10-19,2024-10-20,0.052,0.0523,0.0505,0.0459,0.0505,0.0466,83,47,3.1,35
2024-10-18,2024-10-19,0.05,0.0484,0.0488,0.0468,0.0487,0.0453,79,45,5,71
2024-10-17,2024-10-18,0.049,0.0485,0.0467,0.0456,0.0453,0.0464,75,40,4.2,84
2024-10-16,2024-10-17,0.044,0.0454,0.0412,0.0434,0.0409,0.0438,73,35,3.8,53
2024-10-15,2024-10-16,0.038,0.0444,0.0607,0.0608,0.062,0.0621,70,29,10,21
2024-10-14,2024-10-15,0.05,0.05,0.0595,0.0659,0.0594,0.0666,82,44,5.6,49
2024-10-13,2024-10-14,0.05,0.0648,0.0662,0.0687,0.0677,0.069,87,53,4,320
2024-10-12,2024-10-13,0.075,0.0719,0.0574,0.0598,0.0575,0.0607,82,57,2.3,209
2024-10-11,2024-10-12,0.069,0.0677,0.0598,0.0553,0.0594,0.0561,83,55,1.7,154
2024-10-10,2024-10-11,0.066,0.0639,0.0554,0.0528,0.0517,0.05,84,53,2.9,114
2024-10-09,2024-10-10,0.059,0.0574,0.0477,0.044,0.0472,0.0416,88,52,4.4,1
2024-10-08,2024-10-09,0.048,0.0477,0.0477,0.043,0.0468,0.0403,90,53,7,8
2024-10-07,2024-10-08,0.046,0.0469,0.0515,0.0446,0.0516,0.0432,86,53,6.7,358
2024-10-06,2024-10-07,0.047,0.0447,0.0397,0.0308,0.0417,0.0316,91,59,5.9,26
2024-10-05,2024-10-06,0.028,0.0302,0.0331,0.0233,0.0347,0.0268,88,68,7,34
2024-10-04,2024-10-05,0.028,0.0295,0.0352,0.0248,0.036,0.0273,85,68,7.1,46
2024-10-03,2024-10-04,0.028,0.0297,0.057,0.0494,0.0575,0.05,80,71,7.1,84
2024-10-02,2024-10-03,0.05,0.0476,0.0628,0.0511,0.0615,0.0508,88,68,6.6,121
2024-10-01,2024-10-02,0.051,0.0485,0.048,0.0424,0.0494,0.0439,89,66,3.8,44
2024-09-30,2024-10-01,0.037,0.0426,0.0749,0.0699,0.0684,0.0639,90,66,4.8,0
